title,link
Faculty Recruitment for the School of Artificial Intelligence and Data Science at USTC,https://saids.ustc.edu.cn/2024/0924/c15435a654470/page.htm
人工智能与数据科学学院教师招聘,https://saids.ustc.edu.cnhttps://mp.weixin.qq.com/s/fl9N0O7tcPb9L0deuO4LqA
人工智能与数据科学学院2024年宋庆龄未来助学金获奖名单公示,https://saids.ustc.edu.cn/2024/1202/c15435a662377/page.htm
人工智能科技英才班2024 年助学经费评审结果公示,https://saids.ustc.edu.cn/2024/1114/c15435a660588/page.htm
人工智能与数据科学学院2024年11.25心理健康教育主题活动月 班级活动申报通知,https://saids.ustc.edu.cn/2024/1111/c15435a660202/page.htm
人工智能与数据科学学院关于调整2025年硕士研究生招生专业的公告,https://saids.ustc.edu.cn/2024/0614/c15435a643814/page.htm
人工智能与数据科学学院关于开展2024年硕转博工作的通知,https://saids.ustc.edu.cn/2024/0419/c15435a638868/page.htm
人工智能与数据科学学院2024年工程博士普通招考实施细则,https://saids.ustc.edu.cn/2024/0419/c15435a638874/page.htm
大数据学院2024年统招硕士研究生招生拟录取名单,https://saids.ustc.edu.cn/2024/0329/c15435a634403/page.htm
 关于开展大数据学院“重温科大故事，传承科大精神谱系”   征文活动的通知,https://saids.ustc.edu.cn/2023/1116/c15435a618827/page.htm
大数据学院2023年11.25心理健康教育主题活动月  班级活动申报通知,https://saids.ustc.edu.cn/2023/1110/c15435a617290/page.htm
关于开展大数据学院“微课同台竞技”活动的通知,https://saids.ustc.edu.cn/2023/0913/c15435a612067/page.htm
2023年大数据学院工程博士普通招考实施细则,https://saids.ustc.edu.cn/2023/0420/c15435a599982/page.htm
大数据学院关于开展2023年硕转博工作的通知,https://saids.ustc.edu.cn/2023/0420/c15435a599981/page.htm
大数据学院 2023年统招硕士研究生招生拟录取名单,https://saids.ustc.edu.cn/2023/0328/c15435a596807/page.htm
大数据学院2023年硕士研究生复试工作细则,https://saids.ustc.edu.cn/2023/0320/c15435a595717/page.htm
2022年大数据学院工程博士普通招考实施细则,https://saids.ustc.edu.cn/2022/0419/c15435a552223/page.htm
 大数据学院关于开展2022年硕转博工作的通知,https://saids.ustc.edu.cn/2022/0419/c15435a552222/page.htm
大数据学院2022年数据科学（数学）专业校内调剂复试通知,https://saids.ustc.edu.cn/2022/0407/c15435a551337/page.htm
大数据学院2022年数据科学（数学）专业校内调剂简章,https://saids.ustc.edu.cn/2022/0405/c15435a551133/page.htm
关于开展“改革开放历史”主题学习与竞答活动的通知,https://saids.ustc.edu.cn/2022/0304/c15435a547794/page.htm
关于开展大数据学院“四史”学习实践活动的通知,https://saids.ustc.edu.cn/2022/0304/c15435a547793/page.htm
关于开展大数据学院“四史”读书微分享活动的通知,https://saids.ustc.edu.cn/2022/0115/c15435a544109/page.htm
科大讯飞谭昶博士报告会,https://saids.ustc.edu.cn/2021/1207/c15435a538115/page.htm
关于举办“红色旋律里的大数据”红歌歌名竞猜活动的通知,https://saids.ustc.edu.cn/2021/0728/c15435a518706/page.htm
大数据学院2021年夏令营校内报名通知,https://saids.ustc.edu.cn/2021/0623/c15435a514122/page.htm
数据科学与大数据技术专业招生宣讲会,https://saids.ustc.edu.cn/2021/0602/c15435a511219/page.htm
2021年大数据学院工程博士普通招考实施细则,https://saids.ustc.edu.cn/2021/0416/c15435a480964/page.htm
大数据学院关于开展2021年硕转博工作的通知,https://saids.ustc.edu.cn/2021/0414/c15435a480720/page.htm
大数据学院2021年硕士研究生复试工作细则,https://saids.ustc.edu.cn/2021/0318/c15435a476810/page.htm
2021年大数据学院硕士研究生招生复试名单公示,https://saids.ustc.edu.cn/2021/0315/c15435a476538/page.htm
大数据学院2020年夏令营招生宣讲会,https://saids.ustc.edu.cn/2020/0617/c15435a429032/page.htm
大数据学院关于开展2020年硕转博工作的通知,https://saids.ustc.edu.cn/2020/0528/c15435a426393/page.htm
大数据学院2020年全校性专业选择招生宣讲通知,https://saids.ustc.edu.cn/2020/0525/c15435a423072/page.htm
2020年大数据学院电子信息调剂名单,https://saids.ustc.edu.cn/2020/0514/c15435a421130/page.htm
大数据学院2020年硕士研究生复试工作细则,https://saids.ustc.edu.cn/2020/0507/c15435a420264/page.htm
2020年全日制硕士研究生招生考试复试名单公示,https://saids.ustc.edu.cn/2020/0420/c15435a418721/page.htm
科技战疫 | 2020北京数据开放创新应用大赛正式开赛 ,https://saids.ustc.edu.cnhttps://mp.weixin.qq.com/s/b38CBmipWeztNBAJtPDRTA
大数据学院2019年研究生国家奖学金初评结果,https://saids.ustc.edu.cn/2019/0929/c15435a392733/page.htm
大数据学院数据科学与大数据技术(本科)转专业招生宣讲会,https://saids.ustc.edu.cn/2019/0618/c15435a387267/page.htm
2019年数据科学与大数据技术（本科）转专业招生简章,https://saids.ustc.edu.cn/2019/0617/c15435a387193/page.htm
大数据学院2019年夏令营科大本校大三学生提前面试通知,https://saids.ustc.edu.cn/2019/0617/c15435a387194/page.htm
2019年大数据学院博士研究生(学术型)拟录取名单公示,https://saids.ustc.edu.cn/2019/0513/c15435a380457/page.htm
2019年大数据学院“院长奖”初评结果,https://saids.ustc.edu.cn/2019/0510/c15435a380380/page.htm
大数据学院关于开展2019年硕转博工作的通知,https://saids.ustc.edu.cn/2019/0410/c15435a377942/page.htm
大数据学院计算机技术专业研究生校内调剂复试通知,https://saids.ustc.edu.cn/2019/0313/c15435a376026/page.htm
大数据学院计算机技术专业校内调剂简章,https://saids.ustc.edu.cn/2019/0306/c15435a375627/page.htm
大数据学院2019年硕士研究生复试工作细则,https://saids.ustc.edu.cn/2019/0306/c15435a375626/page.htm
2018年研究生“国家奖学金”初评结果,https://saids.ustc.edu.cn/2018/1008/c15435a341453/page.htm
关于校庆期间加强校园安全和交通管理工作的通知,https://saids.ustc.edu.cn/_redirect?siteId=382&columnId=15435&articleId=312251
关于举办中国科学技术大学庆祝建党97周年纪念大会的通知,https://saids.ustc.edu.cn/_redirect?siteId=382&columnId=15435&articleId=266548
关于现代艺术中心维修改造的通知,https://saids.ustc.edu.cn/_redirect?siteId=382&columnId=15435&articleId=266549
关于东苑餐厅停业改造的通知,https://saids.ustc.edu.cn/_redirect?siteId=382&columnId=15435&articleId=266547
关于西校区北大门（黄山路大门）延长封闭时间的通知,https://saids.ustc.edu.cn/_redirect?siteId=382&columnId=15435&articleId=265626
关于开展“不忘初心 牢记使命 听党话 跟党走”主题知识竞赛活动的通知,https://saids.ustc.edu.cn/_redirect?siteId=382&columnId=15435&articleId=265627
西校区研究生公寓等地封闭施工通知,https://saids.ustc.edu.cn/_redirect?siteId=382&columnId=15435&articleId=265625
关于举行2018届本科生毕业典礼暨学位着装授予仪式的通知,https://saids.ustc.edu.cn/_redirect?siteId=382&columnId=15435&articleId=265631
关于举办“健康有约”——甲状腺结节知识讲座的通知,https://saids.ustc.edu.cn/_redirect?siteId=382&columnId=15435&articleId=265623
关于举行2018届研究生毕业典礼暨学位着装授予仪式的通知,https://saids.ustc.edu.cn/_redirect?siteId=382&columnId=15435&articleId=265630
智能报销系统操作指南,https://finance.ustc.edu.cn/2024/1009/c21818a656058/page.htm
日常经济业务财务报销指南,https://finance.ustc.edu.cn/2024/0606/c21818a643244/page.htm
2023年度科研财务管理业务培训会资料,https://finance.ustc.edu.cn/2023/1211/c21818a624257/page.htm
调账清单模板(科研用),https://finance.ustc.edu.cn/2023/0609/c21818a605505/page.htm
2022年度业务培训与交流会培训资料,https://finance.ustc.edu.cn/2022/1130/c21818a582916/page.htm
外币汇款情况说明表,https://finance.ustc.edu.cn/2022/0609/c21818a557842/page.htm
中国科学技术大学科研项目预算调整审批表,https://finance.ustc.edu.cn/2022/0519/c21818a554875/page.htm
费用报销单,https://finance.ustc.edu.cn/2022/0304/c21818a547803/page.htm
2021年度业务培训与交流会培训资料,https://finance.ustc.edu.cn/2021/0712/c21818a516885/page.htm
财务审批签字手迹备案表,https://finance.ustc.edu.cn/2021/0706/c21818a516245/page.htm
签领表,https://finance.ustc.edu.cn/2021/0624/c21818a514293/page.htm
中国科学技术大学预开收据(发票)申请表,https://finance.ustc.edu.cn/2020/0730/c21818a441248/page.htm
非居民纳税人享受协定待遇信息报告表,https://finance.ustc.edu.cn/_upload/article/files/c3/c5/af5c8e76480298752e231374be49/8b4da3d6-f661-44d2-b347-273aa83326eb.xls
财务处网上报账业务授权申请书,https://finance.ustc.edu.cnhttps://service.ustc.edu.cn/fe/taskCenter/matterApplication?app_id=233
学生报账员培训交流会资料——喀斯玛平台订单财务报账流程介绍,https://finance.ustc.edu.cn/_upload/article/files/04/d1/a26cc42c46e0bf24fbe029303ced/f9a2c083-8e87-4f57-bda5-4a377e99a325.pdf
学生报账员培训交流会资料——财务综合信息平台介绍,https://finance.ustc.edu.cn/_upload/article/files/12/26/8eac75764cb99c14539d5e0c3ce0/be179667-45b2-44bc-aac2-598cabd9571a.pdf
学生报账员培训交流会资料——财务基本情况介绍,https://finance.ustc.edu.cn/_upload/article/files/68/31/d8b3c6d64292b1dc896bf5f79d18/db9a815c-8b56-4268-9e7c-8420493b803e.pdf
2019年小金库专项治理自查自纠情况表（各单位填）,https://finance.ustc.edu.cn/_upload/article/files/cb/4a/c92df3434493a2c583ec7a596478/e49909d9-eac6-447c-99ca-96a5cd0f9d44.xls
领款单,https://finance.ustc.edu.cn/_upload/article/files/7b/40/93b3ec064131a2248384bd31eefd/b3ca75a9-2c23-4794-9bda-999926a1486c.pdf
现金缴款单,https://finance.ustc.edu.cn/_upload/article/files/aa/8f/c805846a42ef8185089830e98035/3c49140f-9c02-4176-ae7c-b1bf0207afb7.pdf
内部结算转账单,https://finance.ustc.edu.cn/_upload/article/files/84/f5/07176e5444b5905739bdd767f252/aefdc120-649d-4800-b396-aa846a14ce6f.pdf
财务报销票据粘贴单,https://finance.ustc.edu.cn/_upload/article/files/a4/0f/a7eb4192459fbe57274f2e29ca11/603382ba-5402-4acc-a784-9819b69840e1.doc
材料出入库单,https://finance.ustc.edu.cn/_upload/article/files/b0/e0/05d7c3194460832c4fb9076a9d22/ef510693-f14a-4266-b36b-c187b27dcf88.doc
国内公务接待费自查自纠表,https://finance.ustc.edu.cn/_upload/article/files/ac/59/f2884bec41388ad332b29fb4b8f1/c8fe5a5f-1d86-4b9e-af3f-bd711b596614.xls
工作餐自查自纠表,https://finance.ustc.edu.cn/_upload/article/files/31/e5/fc984dd344c6ba2d4eddb5b19b0a/d7cbdf69-0280-4bb7-8b5d-c7a49d604f3d.xls
商场购物自查自纠表,https://finance.ustc.edu.cn/_upload/article/files/3f/2c/6d298dfc4621a6d7edaf39f0315f/d1cfc8e6-923f-48bc-a79b-5ed3e973e7da.xls
预算单位公务卡办卡清单,https://finance.ustc.edu.cn/_upload/article/files/54/dd/5eb64cab4f7d9a90c58d0813a796/db240287-15ed-4515-87ed-7bcd8b40709e.xls
科研项目聘用人员办理公务卡审批表,https://finance.ustc.edu.cn/_upload/article/files/48/59/d64ec3ee44e38aef86eb4713791a/47c549c6-71e8-4fcf-824b-67ba8fcdcb06.xls
乘坐非国内航空公司航班和改变中转地审批表,https://finance.ustc.edu.cn/_upload/article/files/d2/4f/4f4d77cd48948ae56e3302310e16/798a1409-6bbb-4113-803f-1e3a7ecba63c.xls
中国科学技术大学校内预算调整项目申报书,https://finance.ustc.edu.cn/2020/0730/c21818a441241/page.htm
科研项目预算调整审批表,https://finance.ustc.edu.cn/2020/0730/c21818a441240/page.htm
科研项目财务委托书,https://finance.ustc.edu.cn/_upload/article/files/d7/d9/475cf5604a82941b0b489735d957/9b1e17e7-0218-4ce3-b8f9-9150a4ca1c8b.doc
中国科学技术大学2015年度预算项目执行与绩效情况说明书,https://finance.ustc.edu.cn/_upload/article/files/c0/42/634fda404ee7a0b2124989bbae53/3798a52a-a6ae-4c1e-87a1-b162781f2e86.doc
关于启用不等候报账系统的通知,https://finance.ustc.edu.cn/_upload/article/files/a0/de/a61e3d744bf7b1517e0a063d57fd/63a8e725-2a26-4223-8d7b-5faa5ac16663.doc
财务审批签字手迹备案表,https://finance.ustc.edu.cn/_upload/article/files/8c/b6/dfa382ab42799a9d902c05bede10/584c4b8d-e5b7-410e-97fb-da80d66d962c.doc
关于办理财务审批签字手迹备案的通知(2014-10-15）,https://finance.ustc.edu.cn/_upload/article/files/f7/50/e4a153c54681a60f129a255dbe0a/65564ba4-8531-4dee-9717-de62c0c82f03.doc
在职人员加班及课时劳务酬金发放操作流程和要求,https://finance.ustc.edu.cn/_upload/article/files/52/fb/af8fc5774664ae7fcdeee778b331/a477cf9c-40ca-4291-a173-df4077666c74.doc
2016年“六项费用”来源分解表,https://finance.ustc.edu.cn/_upload/article/files/80/4c/398396494e6d94929a9ad9026ded/c9465c83-7612-4203-938c-2910f65c5a6b.doc
卡点结账汇总审批表,https://finance.ustc.edu.cn/_upload/article/files/96/19/31b8fe6d45bd82eacfca08e61e6e/ffea14ed-ab61-4de6-b444-ab68ab1cec20.xls
个人所得税纳税申报表及填表说明,https://finance.ustc.edu.cn/_upload/article/files/53/21/7aecbe9945a2b8f98d0c617834f7/e8f6456d-8c30-4ba8-a206-6fcee1bbc66f.doc
“六项费用”支出计划表,https://finance.ustc.edu.cn/_upload/article/files/7c/5d/36f0659d4299a0f14f9b93dda13e/1609aa6b-ebfa-4e2c-84eb-9b81d6fea79a.xls
会计档案查询申请表,https://finance.ustc.edu.cn/_upload/article/files/4b/e3/bb3451824249ad3b0f118b104447/38344b04-dd12-4c57-bfcf-6e84632c397d.xls
中国科学技术大学卡点业务范围申报清单表,https://finance.ustc.edu.cn/_upload/article/files/88/f2/3381d6cd4c798e99090966cff952/104a548a-6ce1-4e7e-b10d-a11a1c82ca16.xls
中国科学技术大学临时应急项目立项及经费预算申报书,https://finance.ustc.edu.cn/_upload/article/files/aa/f9/7df89f954084b225ba1430b2c3f9/5fd6543a-45c2-41e7-a50e-9fde11391e84.xls
学院上交学校科研成本汇总表（学院填写）,https://finance.ustc.edu.cn/_upload/article/files/05/48/f3ce389347cb8862f3fe914f7425/601cac48-1caa-40ce-b795-cfac0cabd062.xls
中国科学技术大学预拨经费申请表,https://finance.ustc.edu.cn/_upload/article/files/1f/20/512014974a2591006998809f21ca/2700e16d-99d8-405e-914d-200f59336f8d.xls
预算执行计划表,https://finance.ustc.edu.cn/_upload/article/files/e8/ae/f00d25474a08a58e037ab34755d5/dfc7f487-02ea-4201-a81e-8eaee790db1a.xls
公用房使用费分解明细表,https://finance.ustc.edu.cn/_upload/article/files/b6/da/029a93f644d6847f1f92e3928050/1117eea1-bf17-4a03-8900-d6650142bd23.xls
燃料动力费清单,https://finance.ustc.edu.cn/_upload/article/files/0d/8d/322d3b56429b94e4c1e46104bcd7/00373517-3c25-4bb2-9d53-df98400a06cc.xls
测试化验加工费清单,https://finance.ustc.edu.cn/_upload/article/files/e0/08/9a868ec74b0ba7971f1a69398cef/55511f16-cd10-4006-82ce-a828fc50f618.doc
院级单位科研经费补贴分配清单,https://finance.ustc.edu.cn/_upload/article/files/d6/c5/73b660ee4546bbf13f708c96999a/6c778d7a-eb92-443a-960f-b41110b09332.xls
更改指标负责人申请表,https://finance.ustc.edu.cn/_upload/article/files/74/0d/64339ebc4a65a8c852c2e84d1637/77c0fca6-32c5-4593-8c0a-ddcb32dc3035.xls
水电汽使用费分解明细表,https://finance.ustc.edu.cn/_upload/article/files/b2/61/304297ec4eedaa52cec33648a608/71508e17-3bb1-4364-b3f2-fdc0763cd36d.xls
2010年二级核算及自收自支单位预算明细表,https://finance.ustc.edu.cn/_upload/article/files/7a/0e/0f8c676a4d4bb9fff7dfabd06575/e0f0c363-928d-44e9-a4a7-a8a62ab75534.xls
中国科学技术大学财务人员基本情况登记表,https://finance.ustc.edu.cn/_upload/article/files/29/14/4d5b27b34c59beb875df58f57e47/a8c902cb-7347-4d65-82b6-5a51841e6c0c.doc
填表说明,https://finance.ustc.edu.cn/_upload/article/files/76/b3/8772205e4113aabc2c7f67524c37/8e984e06-cd84-4647-9d6a-07a4ca17b823.doc
银行账户情况报告表,https://finance.ustc.edu.cn/_upload/article/files/a9/5f/e46fcb134ebf924f2921bcb8ae1c/e8b1889d-73ab-467a-8c8e-16f69fec3180.xls
小金库自查自纠报告表,https://finance.ustc.edu.cn/_upload/article/files/70/13/3c25a2e24aee8044618f866b8fde/afa3171d-0606-4ef1-ba10-c8cab9c087a4.xls
2024年度助学项目申请表,https://stuhome.ustc.edu.cn/2024/0924/c2310a654523/page.htm
2024年本科生迎新工作指南,https://stuhome.ustc.edu.cn/2024/0822/c2310a651502/page.htm
本科生入校毕业档案管理操作手册,https://stuhome.ustc.edu.cn/2024/0522/c2310a641613/page.htm
2024届本科毕业生离校指南,https://stuhome.ustc.edu.cn/2024/0521/c2310a641526/page.htm
2024届本科毕业生各项工作日程表,https://stuhome.ustc.edu.cn/2024/0521/c2310a641525/page.htm
2024年奖学金通知下载,https://stuhome.ustc.edu.cn/2024/0313/c2310a632220/page.htm
本科生火车票优惠卡乘车区间变更申请表,https://stuhome.ustc.edu.cn/2023/0915/c2310a612308/page.htm
本科生档案查（借）阅申请表,https://stuhome.ustc.edu.cn/2023/0706/c2310a608020/page.htm
中国科学学技术大学学生临时困难补助申请表2023版,https://stuhome.ustc.edu.cn/2023/0425/c2310a600499/page.htm
2023年奖学金通知下载,https://stuhome.ustc.edu.cn/2023/0317/c2310a595418/page.htm
2022年度郭沫若奖学金评审通知及附件,https://stuhome.ustc.edu.cnhttp://xgyth.ustc.edu.cn/usp/home/uploadfile/637304913652120123/638040379206395219.rar
2022年国仪工匠奖学金通知及附件,https://stuhome.ustc.edu.cn/2022/0928/c2310a571732/page.htm
2022年牛津仪器明日之星奖学金通知及附件,https://stuhome.ustc.edu.cn/2022/0928/c2310a571730/page.htm
2022年专项奖学金通知及附件,https://stuhome.ustc.edu.cnhttp://xgyth.ustc.edu.cn/usp/home/uploadfile/637304913652120123/638000706561238925.rar
2022年宝钢奖学金发文材料,https://stuhome.ustc.edu.cnhttp://xgyth.ustc.edu.cn/usp/home/uploadfile/637304913652120123/637980597266167757.rar
中国科学技术大学本科生信息采集表,https://stuhome.ustc.edu.cn/2022/0830/c2310a566117/page.htm
本科生毕业去向导入模板,https://stuhome.ustc.edu.cn/2022/0830/c2310a566116/page.htm
禁毒歌曲《生命》MP4,https://stuhome.ustc.edu.cn/2022/0607/c2310a557554/page.htm
禁毒宣传公益短片——逝去的幸福,https://stuhome.ustc.edu.cn/2022/0607/c2310a557553/page.htm
禁毒宣传公益短片——无孔不入的第三代毒品,https://stuhome.ustc.edu.cn/2022/0607/c2310a557552/page.htm
禁毒宣传公益短片——别让“我以为”变成“我后悔”,https://stuhome.ustc.edu.cn/2022/0607/c2310a557551/page.htm
禁毒宣传公益短片——青春不是挥霍的筹码,https://stuhome.ustc.edu.cn/2022/0607/c2310a557550/page.htm
2022届本科毕业生工作日程表,https://stuhome.ustc.edu.cn/2022/0517/c2310a554678/page.htm
2022届本科毕业生离校指南,https://stuhome.ustc.edu.cn/2022/0517/c2310a554677/page.htm
2022年郭永怀奖学金发文材料,https://stuhome.ustc.edu.cnhttp://xgyth.ustc.edu.cn/usp/home/uploadfile/637304913652120123/637838206522245178.rar
2022年中国科学院院长奖学金发文材料,https://stuhome.ustc.edu.cnhttp://xgyth.ustc.edu.cn/usp/home/uploadfile/637304913652120123/637838204541203172.rar
2021-2022学年度各类助学项目申请表,https://stuhome.ustc.edu.cn/2021/0928/c2310a524230/page.htm
经济困难学生补充认定申请表,https://stuhome.ustc.edu.cn/2021/0108/c2310a467505/page.htm
中国科学技术大学本科生退宿租房居住审批表,https://stuhome.ustc.edu.cn/2020/0827/c2310a445162/page.htm
2020年征兵公益宣传片微电影版《筑梦青春》,https://stuhome.ustc.edu.cn/2020/0804/c2310a442163/page.htm
2020年征兵公益宣传片综合版《参军报国 不负韶华》,https://stuhome.ustc.edu.cn/2020/0804/c2310a442164/page.htm
安徽省普通高校品学兼优毕业生审批表,https://stuhome.ustc.edu.cn/2020/0429/c2310a419690/page.htm
中国科学技术大学优秀毕业生审批表,https://stuhome.ustc.edu.cn/2020/0429/c2310a419689/page.htm
预防网贷警示视频——《柳暗》,https://stuhome.ustc.edu.cn/2019/0929/c2310a392709/page.htm
预防网贷警示视频——《黑洞》,https://stuhome.ustc.edu.cn/2019/0929/c2310a392708/page.htm
防范传销进校园微视频《传销笔记》,https://stuhome.ustc.edu.cn/_upload/article/videos/31/2a/bf9f5338428e838cf2fc540be846/bf4b4393-f45c-4702-810e-e6b1067abb3e.flv
见招拆招，预防艾滋,https://stuhome.ustc.edu.cn/2019/0929/c2310a392700/page.htm
【结核病】健康教育视频—《微杀手》,https://stuhome.ustc.edu.cn/2019/0929/c2310a392699/page.htm
经济困难学生认定申请表,https://stuhome.ustc.edu.cn/_upload/article/files/c1/69/58c0bc3745df9e60dcda2b8ced13/5617dd43-ba22-451f-a94b-f3d89dc1919f.doc
法治微电影《贷·价》,https://stuhome.ustc.edu.cn/2019/0603/c2310a382088/page.htm
新疆少数民族特困学生补助申请表,https://stuhome.ustc.edu.cn/_upload/article/files/f6/96/fd432c8248cca0bec36e222f3ced/1b916387-f18f-44ce-8baa-4242eefa5e79.doc
国防教育知识培训课件,https://stuhome.ustc.edu.cn/2019/0516/c2310a380777/page.htm
中国科学技术大学本科生学籍登记表,https://stuhome.ustc.edu.cn/_upload/article/files/95/f7/41bf637446b683d89611b8a1b56a/616faa4c-ac1c-4e22-8822-15597a83b002.doc
毕业生证明,https://stuhome.ustc.edu.cn/_upload/article/files/38/55/e7152c864e2a86f5856fd672f50f/7b528cc0-cf3d-47ed-b65b-4b9e677d8cfc.docx
关于设立中国科学技术大学2019届毕业班级校友联络人的通知及表格,https://stuhome.ustc.edu.cn/_redirect?siteId=47&columnId=2310&articleId=380187
中国科学技术大学本科生退租返校居住审批表,https://stuhome.ustc.edu.cn/_upload/article/files/45/7d/8613e4ff4d6eab9c00c0cc5840df/360ee779-f8e4-4699-9f3f-6d9cbebab037.doc
基层就业资助申请材料,https://stuhome.ustc.edu.cn/_upload/article/files/0c/82/e3716aac4ffaa6b99c394ee43e1e/e66d5014-a034-4fc1-a746-045eabc045f5.rar
班级主题活动项目申报表,https://stuhome.ustc.edu.cn/_upload/article/files/97/80/528cb29c413f9500a315628f7c79/fe44fe51-7fa1-4029-97ef-696c6381390d.doc
贷款展期贴息申请书,https://stuhome.ustc.edu.cn/_upload/article/files/46/e4/77f0ac0749e492c3b0e65360934a/197fde0a-12db-4b63-9ca8-c600120c1154.doc
贷款展期贴息申请填写说明,https://stuhome.ustc.edu.cn/_upload/article/files/ba/4c/fab74622410fa18f5b9c43ea28f8/732cb1c7-82ea-4001-9088-80762c444c35.doc
还款协议填写说明,https://stuhome.ustc.edu.cn/_upload/article/files/43/9a/df153a284ee692c11910e8dd2dcc/66f6d4f8-2db4-4099-9a6e-4377cf400d49.doc
助学贷款还款协议,https://stuhome.ustc.edu.cn/_upload/article/files/89/d2/537a3be1471eae9077e65292428d/137cee8e-aeb4-4310-bda2-98e40e8a9920.doc
关于暑假学生离校、返校情况统计报送的通知及附件表格,https://stuhome.ustc.edu.cn/_upload/article/files/e8/f2/282fc17441eeaa5ad6aa879892eb/dfd37038-9bf3-402b-94b9-995cb9f4429a.rar
寒假学生安全教育相关通知及附件,https://stuhome.ustc.edu.cn/_upload/article/files/e4/19/c6fba1c54915894b5c494ba529bc/9ee07364-ee86-4788-98b8-59a9e3862f2d.rar
勤工助学报酬发放申报表,https://stuhome.ustc.edu.cn/_upload/article/files/fb/30/1d19d9304bdfa1694c79809072c8/3be39acc-f722-44a9-9863-367e1b3aa889.xls
基层就业学费和贷款代偿申请表,https://stuhome.ustc.edu.cn/_upload/article/files/9a/21/7366d8154163b051594b5fc96eba/c9c33d37-ca58-4deb-9bd6-0279466c3323.doc
辅导员工作手册,https://stuhome.ustc.edu.cn/_upload/article/files/69/e3/5677d6a34dfeb01dbc1c974e7bac/99734540-be68-437e-99e0-2b607bc53f1e.doc
班主任工作手册,https://stuhome.ustc.edu.cn/_upload/article/files/78/be/4e30b60249ed9dacc2c4870e6023/9eb8990f-b79e-4f42-95d5-d6689447ef5f.doc
勤工助学岗位设置申请表,https://stuhome.ustc.edu.cn/_upload/article/files/b0/35/a8b1d1a04d938281a7b461564269/54ef2511-b8a4-46bb-9029-4f32ccbee746.xlsx
关于在全校各班集体中设置安全委员的通知（学字【2010】36号）,https://stuhome.ustc.edu.cn/_upload/article/files/cb/97/29f37f894a61a97e876fb7a40485/53396ecb-7492-43c5-bf24-17ddc24c1653.doc
勤工助学上岗登记表,https://stuhome.ustc.edu.cn/_upload/article/files/3a/ec/f7e97d1f4f8085301dee71760f4a/c7e627dc-9a39-4ff3-aedc-87d3c763ffd0.xls
勤工助学上岗申请表,https://stuhome.ustc.edu.cn/_upload/article/files/a7/99/2ac899b148dd8f8faa5d67060b61/588384f5-c8ee-4a80-8bcd-eecc95d91ba2.doc
施工通知（模板）,https://bwc.ustc.edu.cn/2024/0116/c5655a628561/page.htm
中国科学技术大学施工备案表,https://bwc.ustc.edu.cn/2024/0116/c5655a628560/page.htm
施工进度计划表,https://bwc.ustc.edu.cn/2023/0725/c5655a609378/page.htm
施工责任书,https://bwc.ustc.edu.cn/2023/0725/c5655a609377/page.htm
动火作业申请表,https://bwc.ustc.edu.cn/2023/0725/c5655a609376/page.htm
安装作业申请表,https://bwc.ustc.edu.cn/2023/0725/c5655a609375/page.htm
中国科学技术大学确有必要校外人员、车辆进校申请表,https://bwc.ustc.edu.cn/2023/0725/c5655a609303/page.htm
特种车辆及大型货车入校备案表,https://bwc.ustc.edu.cn/2022/0921/c5655a570603/page.htm
在校期间无违纪违规记录证明申请表,https://bwc.ustc.edu.cn/2022/0920/c5655a570286/page.htm
机动车车辆通行证申请表,https://bwc.ustc.edu.cn/2022/0919/c5655a570129/page.htm
中国科学技术大学体育活动场馆使用申请表,https://bwc.ustc.edu.cn/2022/0919/c5655a570127/page.htm
中国科学技术大学大型会议场馆使用申请表,https://bwc.ustc.edu.cn/2020/1214/c5655a463555/page.htm
中国科大无人机使用申请表,https://bwc.ustc.edu.cn/2022/0506/c5655a553683/page.htm
中国科学技术大学宣广信息发布管理办法,https://bwc.ustc.edu.cn/2021/0421/c5655a481480/page.htm
中国科学技术大学重点监管物品备案表,https://bwc.ustc.edu.cn/_upload/article/files/cb/76/2059f54d41a5bfa72e1a5e4d0a5d/P020170505643345529205.docx
居住证办理申请,https://bwc.ustc.edu.cn/2015/0624/c5655a54690/page.htm
身份证补办申请,https://bwc.ustc.edu.cn/2015/0415/c5655a54684/page.htm
委托书,https://bwc.ustc.edu.cn/2014/0821/c5655a54681/page.htm
恢复户口申请,https://bwc.ustc.edu.cn/2014/0821/c5655a54679/page.htm
赋权申请材料,http://zhb.ustc.edu.cn/2023/0509/c18534a601738/page.htm
计算机软件著作权信息采集表,http://zhb.ustc.edu.cn/2023/0330/c18534a597064/page.htm
中国科学技术大学技术许可转让合同签订审批表,http://zhb.ustc.edu.cn/2021/1110/c18534a532013/page.htm
技术入股材料,http://zhb.ustc.edu.cn/2021/1110/c18534a532012/page.htm
技术转让材料,http://zhb.ustc.edu.cn/2021/1110/c18534a532010/page.htm
技术许可材料,http://zhb.ustc.edu.cn/2021/1110/c18534a532007/page.htm
中国科学技术大学成果转化登记表,http://zhb.ustc.edu.cn/2020/0701/c18534a435233/page.htm
民口横向科学研究项目投标承诺书,http://zhb.ustc.edu.cn/2020/0623/c18534a432486/page.htm
中国科学技术大学职务专利申请登记表,http://zhb.ustc.edu.cn/2020/0408/c18534a417909/page.htm
科技成果转化处用印申请审批单,http://zhb.ustc.edu.cn/2020/0309/c18534a414229/page.htm
（民口横向科研项目）模板-技术开发合同,http://zhb.ustc.edu.cn/2020/0108/c18534a411347/page.htm
（民口横向科研项目）模板-技术服务合同,http://zhb.ustc.edu.cn/2020/0108/c18534a411346/page.htm
（民口横向科研项目）模板-技术咨询合同,http://zhb.ustc.edu.cn/2020/0108/c18534a411345/page.htm
中国科学技术大学职务计算机软件著作权登记申请表,http://zhb.ustc.edu.cn/2019/1007/c18534a402938/page.htm
专利申请技术交底书模板,http://zhb.ustc.edu.cn/2019/1007/c18534a402937/page.htm
学习指南 2020,http://cs.ustc.edu.cn/2020/0904/c20158a448498/page.htm
2019级及以后中国科学技术大学本科生体育课程修读管理规定（20190920）,http://cs.ustc.edu.cn/2020/0904/c20158a448489/page.htm
关于思想政治课程执行方案（试行）的通知,http://cs.ustc.edu.cn/2020/0904/c20158a448488/page.htm
关于统筹做好疫情期间外国专家项目工作的通知,https://math.ustc.edu.cnhttps://oic.ustc.edu.cn/project/%e8%bf%9c%e7%a8%8b%e5%90%88%e4%bd%9c/
外事文档下载,https://math.ustc.edu.cnhttps://oic.ustc.edu.cn/download/
AMS（美国数学学会）电子书开通通知,https://math.ustc.edu.cn/2024/0118/c18709a628824/page.htm
Project Euclid平台迁移常见问题,https://math.ustc.edu.cn/2021/0325/c18709a477464/page.htm
数学专业电子图书资源,https://math.ustc.edu.cnhttp://lib.ustc.edu.cn/category/%E7%94%B5%E5%AD%90%E8%B5%84%E6%BA%90/database/2-%E7%94%B5%E5%AD%90%E5%9B%BE%E4%B9%A6/
数学专业电子期刊资源,https://math.ustc.edu.cnhttp://lib.ustc.edu.cn/category/%E7%94%B5%E5%AD%90%E8%B5%84%E6%BA%90/database/92-%E6%95%B0%E5%AD%A6%E4%B8%93%E4%B8%9A/
Springer eBook list,https://math.ustc.edu.cn/2013/1112/c18709a398696/page.htm
最新图书12,https://math.ustc.edu.cn/2012/1017/c18709a398676/page.htm
最新图书11,https://math.ustc.edu.cn/2012/1017/c18709a398675/page.htm
最新图书9,https://math.ustc.edu.cn/2012/0303/c18709a398673/page.htm
最新图书8,https://math.ustc.edu.cn/2012/0303/c18709a398672/page.htm
最新图书7,https://math.ustc.edu.cn/2012/0303/c18709a398671/page.htm
最新图书6,https://math.ustc.edu.cn/2012/0303/c18709a398670/page.htm
最新图书5,https://math.ustc.edu.cn/2011/0915/c18709a398669/page.htm
最新图书4,https://math.ustc.edu.cn/2011/0915/c18709a398668/page.htm
最新图书3,https://math.ustc.edu.cn/2011/0915/c18709a398667/page.htm
最新图书2,https://math.ustc.edu.cn/2011/0915/c18709a398666/page.htm
最新图书1,https://math.ustc.edu.cn/2011/0915/c18709a398665/page.htm
资料室新订购的期刊（2010.10）,https://math.ustc.edu.cn/2011/0915/c18709a398664/page.htm
数学科学学院电子文献使用说明,https://math.ustc.edu.cn/2011/0915/c18709a398663/page.htm
数学科学学院电子文献介绍,https://math.ustc.edu.cn/2011/0915/c18709a398662/page.htm
中国科大网络课堂,https://math.ustc.edu.cn/2013/1112/c18708a393717/page.htm
席南华院士报告会【2011年10月19日】,https://math.ustc.edu.cn/2011/1021/c18708a393716/page.htm
Hiroshi Konno 教授colloquim报告【2011年10月18日】,https://math.ustc.edu.cn/2011/1019/c18708a393715/page.htm
中国科学技术大学出版社 图书写作指南,http://press.ustc.edu.cn/2023/0629/c29306a607365/page.htm
投稿须知,http://press.ustc.edu.cn/2021/1120/c29306a535363/page.htm
中国科学技术大学出版社学术专著选题信息表,http://press.ustc.edu.cn/2021/1120/c29307a535365/page.htm
中国科学技术大学出版社教材选题信息表,http://press.ustc.edu.cn/2021/1120/c29307a535366/page.htm
中国科学技术大学精品教材选题申报表,http://press.ustc.edu.cn/2021/1120/c29307a535367/page.htm
中国科学技术大学出版社图书选题信息表,http://press.ustc.edu.cn/2021/1120/c29307a535364/page.htm
GB／T 12451-2023 图书在版编目数据,http://press.ustc.edu.cn/2024/1030/c29308a659105/page.htm
第一批异形词整理表,http://press.ustc.edu.cn/2021/1120/c29308a535375/page.htm
有关量、单位和符号的一般规则,http://press.ustc.edu.cn/2021/1120/c29308a535370/page.htm
极限数值的表示方法和判定方法,http://press.ustc.edu.cn/2021/1120/c29308a535371/page.htm
标点符号用法,http://press.ustc.edu.cn/2021/1120/c29308a535372/page.htm
出版物上数学用法的规定,http://press.ustc.edu.cn/2021/1120/c29308a535369/page.htm
出版物汉字使用管理规定,http://press.ustc.edu.cn/2021/1120/c29308a535368/page.htm
高中化学数字化实验典型案例,http://press.ustc.edu.cn/2024/1031/c29310a659181/page.htm
高考物理真题分类汇编：1977—2024.上册,http://press.ustc.edu.cn/2024/0927/c29310a655240/page.htm
抽丝剥茧学物理竞赛上册增补,http://press.ustc.edu.cn/2024/0912/c29310a653344/page.htm
抽丝剥茧学物理竞赛（下册）2,http://press.ustc.edu.cn/2024/0102/c29310a627126/page.htm
抽丝剥茧学物理竞赛（下册）1,http://press.ustc.edu.cn/2024/0102/c29310a627125/page.htm
抽丝剥茧学物理竞赛（上册）-2,http://press.ustc.edu.cn/2023/1113/c29310a618315/page.htm
抽丝剥茧学物理竞赛（上册）,http://press.ustc.edu.cn/2023/1110/c29310a617269/page.htm
数据分析方法与应用,http://press.ustc.edu.cn/2023/0316/c29310a595337/page.htm
化学工程实验,http://press.ustc.edu.cn/2023/0316/c29310a595258/page.htm
新目标大学英语泛读.2（第3版）,http://press.ustc.edu.cn/2022/0302/c29310a547559/page.htm
组织行为学单选题及答案,http://press.ustc.edu.cn/2021/1120/c29310a535399/page.htm
行为医学与健康复习题及答案,http://press.ustc.edu.cn/2021/1120/c29310a535398/page.htm
医用物理学（第2版）习题解答,http://press.ustc.edu.cn/2021/1120/c29310a535397/page.htm
《光子学聚合物》参考文献,http://press.ustc.edu.cn/2021/1120/c29310a535395/page.htm
《贝叶斯分析》课件,http://press.ustc.edu.cn/2021/1120/c29310a535392/page.htm
《软物质X-射线散射基础》参考资料,http://press.ustc.edu.cn/2021/1120/c29310a535391/page.htm
《科技英语综合教程》音视频,http://press.ustc.edu.cn/2021/1120/c29310a535390/page.htm
《多种能源融合的建筑节能系统的设计与应用》相关资料下载,http://press.ustc.edu.cn/2021/1120/c29310a535387/page.htm
《虚拟/增强现实技术及其应用》第9章风扇制作案例,http://press.ustc.edu.cn/2021/1120/c29310a535386/page.htm
老年人表达性艺术团体心理辅导实操指南,http://press.ustc.edu.cn/2021/1126/c29310a536114/page.htm
《初等数论》各章习题参考解答,http://press.ustc.edu.cn/2021/1120/c29310a535385/page.htm
《自主招生数学备考十二讲》勘误表以及实战训练全解,http://press.ustc.edu.cn/2021/1120/c29310a535384/page.htm
物理学译丛latex模板,http://press.ustc.edu.cn/2021/1120/c29310a535383/page.htm
《管理学》PPT课件（主编：蒋永忠）,http://press.ustc.edu.cn/2021/1120/c29310a535382/page.htm
《计算机组装与维修实用教程》PPT（主编：钟育亮）,http://press.ustc.edu.cn/2021/1120/c29310a535381/page.htm
《供应链管理》ppt（主编：孙颖荪）,http://press.ustc.edu.cn/2021/1120/c29310a535380/page.htm
网络信息中心车辆管理办法2020,http://ustcnet.ustc.edu.cn/2023/0504/c33489a601255/page.htm
网络信息中心电动自行车管理制度,http://ustcnet.ustc.edu.cn/2022/0901/c33489a591773/page.htm
网络信息中心考勤管理办法,http://ustcnet.ustc.edu.cn/2022/0413/c33489a591774/page.htm
关于网络信息中心公务接待的有关规定,http://ustcnet.ustc.edu.cn/2022/0413/c33489a591775/page.htm
中国科学技术大学网络信息中心网站信息发布管理办法（试行）,http://ustcnet.ustc.edu.cn/2021/1111/c33489a591776/page.htm
网络信息中心物资采购验收管理办法,http://ustcnet.ustc.edu.cn/2021/0721/c33489a591777/page.htm
中国科学技术大学网络信息安全事件处置办法,http://ustcnet.ustc.edu.cn/2017/0630/c33489a591778/page.htm
中国科学技术大学网站与信息系统安全管理执行办法,http://ustcnet.ustc.edu.cn/2016/0229/c33489a591780/page.htm
中国科学技术大学计算机网络与信息安全管理规定,http://ustcnet.ustc.edu.cn/2016/0229/c33489a591779/page.htm
中国科学技术大学超级计算中心安徽省高校用户收费标准（试行）,http://ustcnet.ustc.edu.cn/_redirect?siteId=819&columnId=33489&articleId=591785
中国科学技术大学超级计算中心管理条例,http://ustcnet.ustc.edu.cn/_redirect?siteId=819&columnId=33489&articleId=591783
中国科学技术大学超级计算中心服务管理办法（试行）,http://ustcnet.ustc.edu.cn/_redirect?siteId=819&columnId=33489&articleId=591782
中国科学技术大学超级计算中心收费标准（试行）,http://ustcnet.ustc.edu.cn/_redirect?siteId=819&columnId=33489&articleId=591781
校园一卡通管理结算中心系统管理员岗位职责,http://ustcnet.ustc.edu.cn/2011/0304/c33489a591791/page.htm
校园一卡通管理结算中心工作纪律,http://ustcnet.ustc.edu.cn/2011/0304/c33489a591790/page.htm
校园一卡通管理结算中心安全保密制度,http://ustcnet.ustc.edu.cn/2011/0304/c33489a591789/page.htm
校园一卡通管理结算中心机房工作制度,http://ustcnet.ustc.edu.cn/2011/0304/c33489a591788/page.htm
校园一卡通管理结算中心机房管理制度,http://ustcnet.ustc.edu.cn/2011/0304/c33489a591787/page.htm
校园一卡通管理结算中心网络管理员岗位职责,http://ustcnet.ustc.edu.cn/2011/0304/c33489a591786/page.htm
校园一卡通卡管理实施细则,http://ustcnet.ustc.edu.cn/2010/0113/c33489a591792/page.htm
中国科学技术大学校园计算机网络管理暂行规定,http://ustcnet.ustc.edu.cn/2010/0111/c33489a591795/page.htm
中国科学技术大学校园网络用户行为规范,http://ustcnet.ustc.edu.cn/2010/0111/c33489a591794/page.htm
中国科学技术大学瀚海星云BBS站管理规则,http://ustcnet.ustc.edu.cn/2010/0111/c33489a591793/page.htm
关于调整网络信息中心信息安全领导小组成员的通知,http://ustcnet.ustc.edu.cn/2024/0511/c33490a640639/page.htm
关于调整网络信息中心采购审批小组的通知,http://ustcnet.ustc.edu.cn/2024/0511/c33490a640637/page.htm
关于印发《中国科学技术大学超级计算中心收费标准2023年11月15日版》的通知,http://ustcnet.ustc.edu.cn/2024/0228/c33490a630717/page.htm
关于印发《中国科学技术大学校一卡通管理实施细则》的通知,http://ustcnet.ustc.edu.cn/2022/1101/c33490a591714/page.htm
关于印发《中国科学技术大学超级计算中心收费标准（试行）2022年7月15日版》的通知,http://ustcnet.ustc.edu.cn/2022/0722/c33490a591716/page.htm
关于王峰等任科级干部职务的通知,http://ustcnet.ustc.edu.cn/2022/0527/c33490a591717/page.htm
关于调整网络信息中心机构设置的通知,http://ustcnet.ustc.edu.cn/2022/0520/c33490a591718/page.htm
关于网络信息中心设置总工程师的通知,http://ustcnet.ustc.edu.cn/2022/0520/c33490a591719/page.htm
关于调整网络信息中心机构设置的通知,http://ustcnet.ustc.edu.cn/2022/0118/c33490a591720/page.htm
关于下发《中国科学技术大学涉密计算机软件白名单》变更的通知,http://ustcnet.ustc.edu.cn/2018/0724/c33490a591721/page.htm
关于更换涉密计算机杀毒软件的通知,http://ustcnet.ustc.edu.cn/2018/0724/c33490a591722/page.htm
关于调整网络信息中心设备购置小组人员的通知,http://ustcnet.ustc.edu.cn/2015/1112/c33490a591723/page.htm
关于网络信息中心设置主任助理的通知,http://ustcnet.ustc.edu.cn/2014/1219/c33490a591724/page.htm
关于实行新的网络费用分担办法的通知,http://ustcnet.ustc.edu.cn/2010/1210/c33490a591725/page.htm
关于更换我校BBS系统的通知,http://ustcnet.ustc.edu.cn/2010/0113/c33490a591726/page.htm
关于正式启用Web和 FTP搜索引擎的通知,http://ustcnet.ustc.edu.cn/2008/0327/c33490a591728/page.htm
关于重申禁止利用校园网络制作、传播不良信息的通知,http://ustcnet.ustc.edu.cn/2008/0327/c33490a591727/page.htm
网络信息中心2008年上半年工作要点,http://ustcnet.ustc.edu.cn/2008/0317/c33490a591729/page.htm
关于校友电子邮箱升级及相关事项的通知,http://ustcnet.ustc.edu.cn/2008/0102/c33490a591730/page.htm
关于成立网络信息中心设备购置工作小组的通知,http://ustcnet.ustc.edu.cn/2007/1212/c33490a591731/page.htm
关于邮件系统扩容及个人主页服务的通知,http://ustcnet.ustc.edu.cn/2007/1101/c33490a591732/page.htm
关于电子校务系统2006年推广应用情况的通报,http://ustcnet.ustc.edu.cn/2007/0131/c33490a591733/page.htm
关于调整一卡通现金充值时间和扩大圈存业务的通知,http://ustcnet.ustc.edu.cn/2006/0614/c33490a591734/page.htm
关于启用网络用户服务系统的通知,http://ustcnet.ustc.edu.cn/2006/0613/c33490a591735/page.htm
关于启用“一卡通”网络自助服务系统的通知,http://ustcnet.ustc.edu.cn/2006/0612/c33490a591736/page.htm
关于启用反垃圾邮件网关系统的通知,http://ustcnet.ustc.edu.cn/2006/0406/c33490a591737/page.htm
关于启用新个人主页/FTP系统和关闭旧邮件系统的通知,http://ustcnet.ustc.edu.cn/2005/1216/c33490a591738/page.htm
关于启用一卡通电话查询、挂失系统的通知,http://ustcnet.ustc.edu.cn/2005/1121/c33490a591739/page.htm
关于施行新《“校园一卡通”卡管理实施细则》的通知,http://ustcnet.ustc.edu.cn/2005/0530/c33490a591740/page.htm
关于启用新款校园一卡通正式卡的通知,http://ustcnet.ustc.edu.cn/2005/0404/c33490a591741/page.htm
关于电子邮件系统升级的通知,http://ustcnet.ustc.edu.cn/2005/0310/c33490a591742/page.htm
关于限制VPN适用范围的通知,http://ustcnet.ustc.edu.cn/2004/1109/c33490a591743/page.htm
关于网络信息中心增设主任助理的通知,http://ustcnet.ustc.edu.cn/2004/0904/c33490a591744/page.htm
关于不再收取电子邮件费用的通知,http://ustcnet.ustc.edu.cn/2004/0901/c33490a591745/page.htm
关于网络信息中心工作人员岗位设定的通知,http://ustcnet.ustc.edu.cn/2004/0826/c33490a591746/page.htm
关于网络信息中心设置主任助理的通知,http://ustcnet.ustc.edu.cn/2004/0604/c33490a591747/page.htm
关于施行《“校园一卡通”卡管理实施细则》的通知,http://ustcnet.ustc.edu.cn/2004/0324/c33490a591748/page.htm
关于饮食中心南区第二食堂一卡通故障情况的通报,http://ustcnet.ustc.edu.cn/2004/0318/c33490a591749/page.htm
关于重申不得在校园网上擅自开设电子公告服务的通知,http://ustcnet.ustc.edu.cn/2003/0922/c33490a591750/page.htm
关于正式启用网络杀毒软件的通知,http://ustcnet.ustc.edu.cn/2003/0630/c33490a591753/page.htm
关于启用中国科学技术大学校友电子邮件系统的通知,http://ustcnet.ustc.edu.cn/2003/0630/c33490a591752/page.htm
关于开通我校教工个人网站系统（BLOG）的通知,http://ustcnet.ustc.edu.cn/2003/0630/c33490a591751/page.htm
关于成立中国科学技术大学高性能计算机引进工作领导小组和专家小组的通知,http://ustcnet.ustc.edu.cn/2003/0422/c33490a591754/page.htm
关于实行新的网络费用分担办法的通知,http://ustcnet.ustc.edu.cn/2003/0301/c33490a591755/page.htm
关于召开网络建设及管理工作会议的通知,http://ustcnet.ustc.edu.cn/2003/0101/c33490a591756/page.htm
关于防范校内发送垃圾邮件的通知,http://ustcnet.ustc.edu.cn/2003/0101/c33490a591757/page.htm
关于成立中国科学技术大学教师住宅宽带网建设招标工作小组的通知,http://ustcnet.ustc.edu.cn/2003/0101/c33490a591758/page.htm
02年关于实行新的网络费用分担办法的通知,http://ustcnet.ustc.edu.cn/2003/0101/c33490a591759/page.htm
关于网络安全隐患和部分违纪事件的通报,http://ustcnet.ustc.edu.cn/2003/0101/c33490a591760/page.htm
关于防范、清除CodeRed和 Nimda蠕虫病毒的紧急通知,http://ustcnet.ustc.edu.cn/2003/0101/c33490a591761/page.htm
关于部分用户网络违纪事件的通报,http://ustcnet.ustc.edu.cn/2003/0101/c33490a591762/page.htm
关于实行新的网络运行及通信费用分担办法的通知,http://ustcnet.ustc.edu.cn/2003/0101/c33490a591763/page.htm
关于启用网络用户卡的通知,http://ustcnet.ustc.edu.cn/2003/0101/c33490a591764/page.htm
关于正式开通150路电话拨号上网系统的通知,http://ustcnet.ustc.edu.cn/2003/0101/c33490a591765/page.htm
关于改造子网的通知,http://ustcnet.ustc.edu.cn/2003/0101/c33490a591766/page.htm
关于调整学校智慧科大建设工作组成员的通知,http://ustcnet.ustc.edu.cn/2022/0505/c33491a591694/page.htm
关于周少华职务任免的通知,http://ustcnet.ustc.edu.cn/2022/0503/c33491a591695/page.htm
关于调整安徽省教育和科研计算机网网络中心主任的请示,http://ustcnet.ustc.edu.cn/2022/0223/c33491a591696/page.htm
关于调整学校网络安全和信息化领导小组成员的通知,http://ustcnet.ustc.edu.cn/2019/0328/c33491a591697/page.htm
关于启用中国科学技术大学网络安全和信息化领导小组办公室印章的通知,http://ustcnet.ustc.edu.cn/2019/0328/c33491a591698/page.htm
关于成立校信息化建设工作小组的通知,http://ustcnet.ustc.edu.cn/2019/0328/c33491a591699/page.htm
关于调整部分委员会（小组）成员的通知,http://ustcnet.ustc.edu.cn/2019/0328/c33491a591700/page.htm
关于印发《中国科学技术大学网络信息安全事件处置办法》的通知(校办字〔2017〕93号),http://ustcnet.ustc.edu.cn/2017/0630/c33491a591701/page.htm
关于印发《中国科学技术大学计算机网络与信息安全管理规定》等规章制度的通知（校办字[2015]94号）,http://ustcnet.ustc.edu.cn/2016/0229/c33491a591702/page.htm
关于表彰校属优秀网站的决定,http://ustcnet.ustc.edu.cn/2008/0425/c33491a591703/page.htm
关于印发《中国科学技术大学校园一卡通运行费用分担办法（试行）》的通知,http://ustcnet.ustc.edu.cn/2003/1215/c33491a591704/page.htm
关于安徽省教育和科研网网络中心管理和设备产权等相关问题的报告,http://ustcnet.ustc.edu.cn/2003/0925/c33491a591705/page.htm
关于公布学校所属单位编码的通知,http://ustcnet.ustc.edu.cn/2003/0101/c33491a591706/page.htm
关于成立校园“一卡通”建设实施小组的通知,http://ustcnet.ustc.edu.cn/2003/0101/c33491a591707/page.htm
关于开展计算机信息系统安全检查的通知,http://ustcnet.ustc.edu.cn/2003/0101/c33491a591708/page.htm
关于成立学校信息化工作领导小组和信息化建设工作小组的通知,http://ustcnet.ustc.edu.cn/2003/0101/c33491a591709/page.htm
关于校园网络学校主页建设有关工作的通知,http://ustcnet.ustc.edu.cn/2003/0101/c33491a591710/page.htm
关于调整校园网络管理委员会成员和成立校园网络建设专家小组的通知,http://ustcnet.ustc.edu.cn/2003/0101/c33491a591711/page.htm
关于清除BO黑客程序的紧急通知,http://ustcnet.ustc.edu.cn/2003/0101/c33491a591712/page.htm
关于天文与应用物理系等单位编码的通知,http://ustcnet.ustc.edu.cn/2003/0101/c33491a591713/page.htm
中国科学院科学数据中心认定通知,http://ustcnet.ustc.edu.cn/2023/1017/c33492a615012/page.htm
关于印发《中国科学技术大学智慧校园项目管理办法（试行）》的通知,http://ustcnet.ustc.edu.cn/2023/0517/c33492a602415/page.htm
中国科大网络信息中心开发类项目管理办法,http://ustcnet.ustc.edu.cn/2015/0428/c33492a591677/page.htm
网络信息中心招聘工作流程与规范,http://ustcnet.ustc.edu.cn/2008/0304/c33492a591679/page.htm
关于启用中国科学技术大学网络信息中心印章的通知,http://ustcnet.ustc.edu.cn/2003/0101/c33492a591686/page.htm
关于网络中心更名为网络信息中心和成立信息管理办公室的通知,http://ustcnet.ustc.edu.cn/2003/0101/c33492a591687/page.htm
物资不入固定资产审核表,https://zhc.ustc.edu.cn/2024/0726/c22536a649003/page.htm
资产管理负责人及资产管理员登记表,https://zhc.ustc.edu.cn/2024/1105/c22536a659520/page.htm
校内资产调剂登记表,https://zhc.ustc.edu.cn/2023/0417/c22536a599300/page.htm
固定资产损失（丢失）赔偿表,https://zhc.ustc.edu.cn/2020/1222/c22536a465954/page.htm
中央级事业单位国有资产处置申请表,https://zhc.ustc.edu.cn/2020/1111/c22536a459351/page.htm
中国科学技术大学流动专家公寓入住申请表,https://zhc.ustc.edu.cn/2021/0903/c22537a521554/page.htm
公共服务类公用房申请表,https://zhc.ustc.edu.cn/2020/1029/c22537a468091/page.htm
科研类公用房申请表,https://zhc.ustc.edu.cn/2020/1029/c22537a468087/page.htm
教学类公用房申请表,https://zhc.ustc.edu.cn/2020/1029/c22537a468088/page.htm
行政类公用房申请表,https://zhc.ustc.edu.cn/2020/1029/c22537a468094/page.htm
中国科学技术大学周转住房申请表,https://zhc.ustc.edu.cn/2020/0529/c22537a468081/page.htm
中国科学技术大学特殊情况住房申请表（延期或特困）,https://zhc.ustc.edu.cn/2020/0529/c22537a468082/page.htm
中国科学技术大学流动专家公寓延期租住申请表,https://zhc.ustc.edu.cn/2019/1210/c22537a468083/page.htm
使用中国科学技术大学合同专用章（5）承诺书,https://zhc.ustc.edu.cn/2014/1127/c22538a457889/page.htm
中国科学技术大学批量集中采购合同及发票要求,https://zhc.ustc.edu.cn/2019/0508/c22538a457888/page.htm
竞争性磋商采购备案表,https://zhc.ustc.edu.cn/2020/1016/c22538a457891/page.htm
特殊服务类合同签订审批表,https://zhc.ustc.edu.cn/2019/1025/c22538a457892/page.htm
关联采购业务表格,https://zhc.ustc.edu.cn/2020/0319/c22538a457893/page.htm
公共平台测试类合同审批表,https://zhc.ustc.edu.cn/2019/0925/c22538a457894/page.htm
喀斯玛商城平台操作说明,https://zhc.ustc.edu.cn/2018/0801/c22538a457895/page.htm
调整公布第十七期节能产品政府采购清单的通知,https://zhc.ustc.edu.cn/2015/0303/c22538a457890/page.htm
政府采购进口产品申请表,https://zhc.ustc.edu.cn/2014/1022/c22538a457896/page.htm
变更政府采购方式申请表,https://zhc.ustc.edu.cn/2014/1022/c22538a457897/page.htm
验收报告样式,https://zhc.ustc.edu.cn/2014/1022/c22538a457898/page.htm
中国科学技术大学设备退运维修申报表,https://zhc.ustc.edu.cn/2014/1022/c22538a457899/page.htm
进口科教用品用途说明(进口),https://zhc.ustc.edu.cn/2014/1022/c22538a457900/page.htm
2013年汽车配置计划表及其填写说明,https://zhc.ustc.edu.cn/2014/1022/c22538a457901/page.htm
中国科学技术大学放射源采购申报表,https://zhc.ustc.edu.cn/2014/1022/c22538a457902/page.htm
软件产品资产登记表,https://zhc.ustc.edu.cn/2014/1022/c22538a457903/page.htm
家属区暖气业务申请表,https://zhc.ustc.edu.cn/2022/1118/c22539a581589/page.htm
固定电话业务登记表,https://zhc.ustc.edu.cn/2020/0628/c22539a433851/page.htm
用能申请表下载,https://zhc.ustc.edu.cn/2015/0428/c22539a449898/page.htm
中国科学技术大学本科生参加暑期交流项目申请表,https://sist.ustc.edu.cn/_upload/article/files/a3/c2/0245e0504e0780c6871b6a8b762a/4d3a1719-78cc-4055-aa69-e29b3ce41899.docx
缓修成绩取消申请单,https://sist.ustc.edu.cn/_upload/article/files/8e/c5/e679bc7a4381b20892a69f8411c7/P020160622376635672432.doc
中国科学技术大学录播教室使用申请表,https://sist.ustc.edu.cn/2016/0622/c5111a82717/page.htm
中国科学技术大学学生“开学考试”成绩登记表,https://sist.ustc.edu.cn/2016/0622/c5111a82712/page.htm
中国科学技术大学本科生开学考试申请单,https://sist.ustc.edu.cn/2016/0622/c5111a82722/page.htm
大研（毕设）协议书,https://sist.ustc.edu.cn/2016/0606/c5111a82708/page.htm
大学生赴院所做大研（毕设）差旅费统计表,https://sist.ustc.edu.cn/2016/0606/c5111a82706/page.htm
本科生课程请假申请表,https://sist.ustc.edu.cn/2016/0526/c5111a82681/page.htm
警示期及退学复议学生选课调整申请表,https://sist.ustc.edu.cn/2016/0526/c5111a82677/page.htm
学生个性化学习申请表（因学习困难申请缓修）,https://sist.ustc.edu.cn/2016/0526/c5111a82690/page.htm
学生个性化学习申请表（因拟转专业申请缓修）,https://sist.ustc.edu.cn/2016/0526/c5111a82691/page.htm
试卷送印单,https://sist.ustc.edu.cn/2016/0526/c5111a82675/page.htm
跨院系调整所修专业申请表,https://sist.ustc.edu.cn/2016/0526/c5111a82699/page.htm
本科生听课记录表（实验）,https://sist.ustc.edu.cn/2016/0526/c5111a82704/page.htm
本科生听课记录表（理论）,https://sist.ustc.edu.cn/2016/0526/c5111a82686/page.htm
本科生学业指导谈话记录（学业警示）,https://sist.ustc.edu.cn/2016/0526/c5111a82701/page.htm
本科生学业指导谈话记录（通用）,https://sist.ustc.edu.cn/2016/0526/c5111a82694/page.htm
在读证明——国外,https://sist.ustc.edu.cn/2016/0526/c5111a82664/page.htm
在读证明——国内,https://sist.ustc.edu.cn/2016/0526/c5111a82673/page.htm
信息学院高水平学术前沿讲座实施申请表,https://sist.ustc.edu.cn/2022/0419/c5104a552250/page.htm
信息学院自然科学类学术报告会、研讨会审批表,https://sist.ustc.edu.cn/2022/0119/c5104a544399/page.htm
信息学院工程博士开题申请表,https://sist.ustc.edu.cn/2021/1227/c5104a540913/page.htm
工程硕士研究生专业实践总结报告及鉴定,https://sist.ustc.edu.cn/2020/1014/c5104a453063/page.htm
网络安全奖学金申请书,https://sist.ustc.edu.cn/_upload/article/files/4b/4e/3e9604ab48dcaacf356b583dede1/P020160728827793597765.doc
主题党日活动申请表,https://sist.ustc.edu.cn/2023/0411/c5128a598358/page.htm
信息学院党支部党员发展卡,https://sist.ustc.edu.cn/_upload/article/files/17/82/09c15ca642d1891863c521dc9d08/a3a585af-4636-465f-a829-11ffcd1ff724.doc
中国科学院基层党支部工作手册,https://sist.ustc.edu.cn/_upload/article/files/c0/68/c21a567343c7bbe1f89df8970fd2/P020161115318786519065.pdf
信息学院党支部党员发展信息封面,https://sist.ustc.edu.cn/_upload/article/files/92/74/9df4a5114ae7ba7fd288dcb9d968/P020161115320459047584.doc
习近平总书记2016年七一讲话全文,https://sist.ustc.edu.cn/_upload/article/files/7b/bf/464484ae4581a7ce55cccbce1af9/P020161101371912749693.doc
《习近平总书记系列重要讲话读本》知识竞赛试题及标准答案,https://sist.ustc.edu.cn/_upload/article/files/a4/6a/478389d340bfb0a957be0856a17f/P020161101371014298688.doc
党员发展流程,https://sist.ustc.edu.cn/2012/1121/c5128a46334/page.htm
信息科学技术学院学研两会活动项目审批表,https://sist.ustc.edu.cn/2020/0115/c5095a412496/page.htm
信息科学技术学院团学活动项目审批表,https://sist.ustc.edu.cn/2020/0115/c5095a412495/page.htm
信息科学技术学院班级活动项目审批表,https://sist.ustc.edu.cn/2020/0115/c5095a412494/page.htm
信息学院开展学生活动工作流程,https://sist.ustc.edu.cn/2019/1119/c5095a405480/page.htm
信息学院就业三方协议领取、换发流程,https://sist.ustc.edu.cn/2019/1119/c5095a405455/page.htm
信息学院学生活动新闻稿基本格式和要求,https://sist.ustc.edu.cn/2019/1119/c5095a405454/page.htm
推荐优秀团员作为党的发展对象审核表,https://sist.ustc.edu.cn/_upload/article/files/a6/63/9686a2e14d7db65b6643f8206ccf/1ab05b50-7844-4080-82a5-bfb876dd0984.docx
推荐优秀团员作入党积极分子审核表,https://sist.ustc.edu.cn/_upload/article/files/40/3c/a5a6a69d427582ea962ef3cf66cd/db1194f5-403a-4362-872a-a2f9a6c0372e.docx
中国科学技术大学推荐优秀团员作入党积极分子和党的发展对象工作实施细则,https://sist.ustc.edu.cn/_upload/article/files/f3/18/eb3dbba54770a7335bb709ba8e6b/53ece461-bb21-4697-a61c-9eb4bf31ab08.pdf
师生校内常用部门联系方式汇总,https://sist.ustc.edu.cn/2017/1116/c5095a208145/page.htm
科大人文社科类报告会、研讨会、论坛、讲座审批备案表,https://sist.ustc.edu.cn/_upload/article/files/f9/12/40972eea4998a57d1199ba37e8c4/7561f9f7-6722-4d1e-8c26-c03dfafe035b.doc
工会福利项目及当前执行标准,https://sist.ustc.edu.cn/2024/1018/c5079a657485/page.htm
校工会费用报销单,https://sist.ustc.edu.cn/2024/1018/c5079a657483/page.htm
校工会领款单,https://sist.ustc.edu.cn/2024/1018/c5079a657482/page.htm
校工会慰问金签领表,https://sist.ustc.edu.cn/2024/1018/c5079a657471/page.htm
信息学院自然科学类学术报告会、研讨会审批表,https://sist.ustc.edu.cn/2022/0119/c5079a544398/page.htm
企业导师信息表.doc [2012-07-05],https://sse.ustc.edu.cn/_upload/article/files/89/1c/0de2f2c74cbca5b50aa538655129/e42a2aa4-9479-4f6e-a96e-0a959c87eb96.doc
附件_CET46级报名表(合肥).xls [2011-03-22],https://sse.ustc.edu.cn/_upload/article/files/ef/15/d9a865a5476fb4d44ee30b44f626/85de1d4f-5343-4617-a042-d8ac6632d526.xls
学位申请书空表 [2008-12-26],https://sse.ustc.edu.cn/_upload/article/files/dd/b4/7109c43448d79d47a2212831ffc9/ffebfad3-6f6a-45c0-8ad4-fb5076d68e19.doc
答辩意见草稿模板 [2008-12-26],https://sse.ustc.edu.cn/_upload/article/files/c1/7f/531388354c76a2c51e916341b3fa/15c2bca1-3cf3-4c30-8fa8-ed1cea1f281b.doc
中国科学技术大学学位论文相关声明.doc [2008-03-31],https://sse.ustc.edu.cn/_upload/article/files/9b/ac/6498f54243aba785858a6297ef91/96458186-0b02-4cbd-888b-e9f853a82032.doc
工程硕士中期考核表.doc [2008-03-31],https://sse.ustc.edu.cn/_upload/article/files/ea/da/0f8dc3f649089f1c6fd2288fbad0/7ab41ce5-f0c7-484b-8735-e1f5714d3d4d.doc
工程硕士开题报告.doc [2008-03-31],https://sse.ustc.edu.cn/_upload/article/files/df/e5/76bfbeee44acba544383b4100a9d/45de9ef3-efe6-4c48-ab8f-b7d39bde561e.doc
工程硕士培养计划.doc [2008-03-31],https://sse.ustc.edu.cn/_upload/article/files/77/e7/07fc530b402695c336a567809646/5d37db7f-e0a9-467d-a087-0d5bcd7659f7.doc
工程硕士申请学位申请者审核材料清单.doc [2008-03-31],https://sse.ustc.edu.cn/_upload/article/files/43/e5/fcd9374344e38a6a4f31d858b789/f08f04e9-3aa0-4639-a0e4-b863f1ced1f5.doc
毕业论文选题和指导教师一览表.xls [2008-03-31],https://sse.ustc.edu.cn/_upload/article/files/a8/8f/593c163f4a9391a19445b9fce078/8227d833-70db-4872-97ed-3f3ddca9f2ed.xls
工程硕士企业指导教师简况表.doc [2008-03-31],https://sse.ustc.edu.cn/_upload/article/files/8f/a2/7dede3f644cd8b7db7aa45c3f20b/47515660-b3b9-4a20-86b3-f774e0549bd5.doc
研究生毕业实习鉴定表.doc [2008-03-31],https://sse.ustc.edu.cn/_upload/article/files/63/54/ec0bc5be47389593b80a6566bbfd/284b4cca-2b97-4bdd-95ab-97de0b4c8107.doc
中国科学技术大学研究生论文撰写规范 [2008-12-26],https://sse.ustc.edu.cn/_upload/article/files/ee/75/65c84e85482a990434f9cf37595c/462f317f-6260-4d0f-8838-e97b46180812.doc
软件学院毕业实习过程管理办法 [2008-04-01],https://sse.ustc.edu.cn/_upload/article/files/96/0e/968f4968436bb2d85a233b828186/da8d2493-c385-4ce0-8013-00ac2c12ccde.pdf
关于2019年计划录取考生培养地与专业方向的通知.docx [2019-05-14],https://sse.ustc.edu.cn/_upload/article/files/58/08/79f5c3c44c55806476cf2fa3f7fc/6b2eea42-4647-4ff1-88f7-3c5de6aece05.docx
调剂复试名单公示.docx [2019-03-22],https://sse.ustc.edu.cn/_upload/article/files/4c/56/e188a63e46c19d38111207b1f8c7/4549e816-7e52-407c-861b-c4377a862d40.docx
第一志愿复试名单公示.xls [2019-03-07],https://sse.ustc.edu.cn/_upload/article/files/aa/c6/af4ecf4c45f2b62ce1aa65bbedd1/00e28f77-a30d-4174-b0a9-0a93f07b023e.xls
2018级计划录取学生专业方向.xls [2018-05-02],https://sse.ustc.edu.cn/_upload/article/files/6d/71/c17b31aa4ba7b310001bfa8e8200/87f75d1c-1134-493b-9ba9-bd45e51bb924.xls
2016硕士研究生入学须知（软件学院・苏州） [2016-06-27],https://sse.ustc.edu.cn/_upload/article/files/03/d2/9373af124d89b4f508df72cbdd7f/6a7156ff-1316-4e14-8bd4-28e282a84cf1.doc
2016硕士研究生入学须知（软件学院・合肥） [2016-06-27],https://sse.ustc.edu.cn/_upload/article/files/64/e9/037bf44b4442924d5930b7f324f4/16761181-156d-4c1b-b588-08f5a25315d7.doc
2015暑期补课通知.doc [2015-06-25],https://sse.ustc.edu.cn/_upload/article/files/bd/aa/e205f8e2459da95ce33de31ee584/4470de75-cb2f-4320-900a-a4c4bab90e63.doc
15进修生缴费须知.doc [2015-06-25],https://sse.ustc.edu.cn/_upload/article/files/49/39/d17c65ff41908eba4033c12a8877/ae5fc787-df14-44b8-9601-7aa2cce64e74.doc
15进修生报到须知.doc [2015-06-25],https://sse.ustc.edu.cn/_upload/article/files/92/bf/911723fd4fe4b028d8c4ef07ee9b/d7347e13-8f1f-45f8-9ac5-fb92eef6ab67.doc
附件：2015年在职人员攻读硕士专业学位报名登记表（样表）.doc [2015-06-23],https://sse.ustc.edu.cn/_upload/article/files/28/4c/5d0291e54a839dc25fe15b162433/85920560-f8a9-4eda-ad81-d4beec04a54e.doc
2015双证入学须知-苏州.doc [2015-06-05],https://sse.ustc.edu.cn/_upload/article/files/2d/08/73dda4214209bf709d33f584bc6c/4cf9aea4-b90b-45b6-ac67-3bb905c614b4.doc
2015双证入学须知-合肥.doc [2015-06-05],https://sse.ustc.edu.cn/_upload/article/files/c5/66/620c2b66412db48be7c86ed82589/72344c34-2803-40ed-a559-770859f3b785.doc
附件4.doc [2014-06-11],https://sse.ustc.edu.cn/_upload/article/files/74/eb/2456634e47ad9a71edc11a17e5fa/68802f4b-6654-4bdb-8935-3e57b26b4607.doc
附件3.doc [2014-06-11],https://sse.ustc.edu.cn/_upload/article/files/38/57/45199b6c4e7aae56c551af1ec11f/b0376e34-b2a5-4aad-ab50-b352d0c08601.doc
附件2.doc [2014-06-11],https://sse.ustc.edu.cn/_upload/article/files/ab/9f/48860aac4820ad61a7fb69fc7d0f/73e43336-4004-4396-9c8b-fd3b3dbd0247.doc
附件1.doc [2014-06-11],https://sse.ustc.edu.cn/_upload/article/files/d4/54/e39c6c3e4432a436c68a3adf109e/f20efb17-279b-47d6-b897-5ecab84491e4.doc
2013级研究生新生报到须知（苏州单证）.doc [2013-06-28],https://sse.ustc.edu.cn/_upload/article/files/1d/ce/a94d26594d3eab417090b11b3876/6d4efc04-e1b4-414e-b49b-b82163d8af96.doc
中国科技大学研究生（硕、博）报到入户须知（苏州双证）.doc [2013-06-21],https://sse.ustc.edu.cn/_upload/article/files/82/30/53af981b4aafadc463164f58b57d/647c0507-d546-43d5-b172-e0b989192f41.doc
中国科技大学研究生（硕、博）报到入户须知（合肥双证）.doc [2013-06-21],https://sse.ustc.edu.cn/_upload/article/files/0e/6e/477f5d95485eb2b543b61c799c00/f57aa4f2-5e57-4ad1-b833-a05e71580f3c.doc
2013硕士研究生新生报到须知（苏州双证）.doc [2013-06-21],https://sse.ustc.edu.cn/_upload/article/files/1b/15/c5f7aab84441b3cbf6f180040cc8/788e19f4-f1c8-42b9-8f4e-2e0ee4cf14b9.doc
2013硕士研究生新生报到须知（合肥双证）.doc [2013-06-21],https://sse.ustc.edu.cn/_upload/article/files/7c/50/1ee5d21f47a3b7a17afed98dc2fb/2494b0cc-55f0-4c2b-9882-0578168cc775.doc
2013代培生报到须知.doc [2013-06-21],https://sse.ustc.edu.cn/_upload/article/files/64/64/27a1a7a74f1e9460870d924a8804/a1794473-b6ed-4a6d-9e92-0741966b2de6.doc
中国科技大学本、研（硕、博）生报到入户须知（苏州双证）.doc [2013-05-13],https://sse.ustc.edu.cn/_upload/article/files/b4/95/e47c4795405fa0a388937f522271/c48dcac1-d071-412d-be3b-1f6bad1f1bcb.doc
中国科技大学本、研（硕、博）生报到入户须知（合肥双证）.doc [2013-05-13],https://sse.ustc.edu.cn/_upload/article/files/1d/6f/298267e24a9c9cf515f31e382c84/c28d4b49-492a-4c66-948d-a84eeb7b2c60.doc
2013年软件工程专业硕士（单证）自主招生报考资格审查表.doc [2012-10-18],https://sse.ustc.edu.cn/_upload/article/files/85/b8/200674d24596a7e3222e4950a735/48ba17ae-f6c5-47d9-ab23-55b0baaa1a3a.doc
4：关于2012级新生暑期补课的通知.doc [2012-07-04],https://sse.ustc.edu.cn/_upload/article/files/87/36/decd97874bd8b8f6d1aa3aca5e31/75ad072a-e490-4e3f-b83a-af46924314e1.doc
3：使用太平洋学子卡交费操作指南.doc [2012-07-04],https://sse.ustc.edu.cn/_upload/article/files/df/55/60d53ed6486fbd3c764d630f38be/8b96717a-7012-4371-b6cf-5b636d4a2113.doc
2：研究生学费住宿费缴纳说明（苏州）.doc [2012-07-04],https://sse.ustc.edu.cn/_upload/article/files/da/c8/143a93c64b549bbbe7ab1d7fe19e/1507317d-de4c-4ac3-afeb-eda0878dad8e.doc
1：2012级研究生新生报到须知（苏州单证）.doc [2012-07-04],https://sse.ustc.edu.cn/_upload/article/files/80/4e/a83e6a744aeba8e57ad50e2fc6c8/95800f37-239c-47c8-8892-16839dba8cef.doc
中国科学技术大学在职软件工程专业硕士自主招生报考资格审查表.doc [2012-05-30],https://sse.ustc.edu.cn/_upload/article/files/80/bb/f098b3784e3d918511ce00b2fa4d/df9ac291-4234-4fcf-a5df-d8b0d631786d.doc
中国科学技术大学在职软件工程专业硕士自主招生报考资格审查表.doc [2012-05-30],https://sse.ustc.edu.cn/_upload/article/files/83/0b/5be13b1f41b9941ad40d3d155aac/730e7ca1-4e85-4ed0-83bb-a49ecae0a98a.doc
2012年考试大纲_834软件工程基础.pdf [2011-11-24],https://sse.ustc.edu.cn/_upload/article/files/f5/75/277a88e249e590fb6ab859791952/10f5b133-a3b1-43fa-a74b-acda7735d93a.pdf
5：关于我院设立“软件项目管理试验班”并在新生中选拔生源的通知.doc [2011-06-24],https://sse.ustc.edu.cn/_upload/article/files/b6/3b/bb9607b24e21b3b42ef0c10d092d/9463e772-cab0-4442-b1ba-ba2bd5a12486.doc
4：关于我院设立“软件项目管理试验班”并在新生中选拔生源的通知.doc [2011-06-24],https://sse.ustc.edu.cn/_upload/article/files/a5/29/caf2f02f4c7e82ef2b535cacb4aa/844c1c65-6ecb-46c6-add4-9b32119b88c2.doc
2：学费、住宿费缴纳说明（苏州单证）.doc [2011-06-24],https://sse.ustc.edu.cn/_upload/article/files/ec/74/ccf531a64ac7be4bbc9aafaf82d7/e5cf7d06-102b-4a19-8a16-8ddd4a83f750.doc
1：2011级研究生新生报到须知（苏州单证）.doc [2011-06-24],https://sse.ustc.edu.cn/_upload/article/files/26/18/e95f86b44a978196e36ccaae7dfc/315cf6a2-8dfa-4c38-a3fd-3df597ca7672.doc
2：研究生学费缴纳说明（苏州双证）.doc [2011-06-23],https://sse.ustc.edu.cn/_upload/article/files/dd/0a/90554a8748f7ae8f0cff9da6f64c/85f6f69e-94d8-420e-8d4a-d911053acd03.doc
4：关于2011级新生暑期补课的通知.doc [2011-06-22],https://sse.ustc.edu.cn/_upload/article/files/99/aa/00b9f64246ffa8f4d95e9590d0da/1d708ca4-c9b6-4965-8910-cd6436dd5332.doc
5：附件：2011级软件项目管理实验班申请表.xls [2011-06-22],https://sse.ustc.edu.cn/_upload/article/files/20/da/51f709a7499eb22b0b97eab8cf6b/e5669b65-eebb-4fff-a625-f25edbf2fa5f.xls
3：中国科技大学本、研（硕、博）生报到入户须知（苏州双证）.doc [2011-06-22],https://sse.ustc.edu.cn/_upload/article/files/7a/84/e202be58492dbb499169dcfa6725/6be12885-6b8e-4d83-8989-f77bc07cba9a.doc
1：研究生新生报到须知（苏州双证）.doc [2011-06-22],https://sse.ustc.edu.cn/_upload/article/files/fe/2f/44e973ab4c52a84bee608ba67214/caff1d6f-8272-4e03-af53-2ee7d7f6550d.doc
5：附件：2011级软件项目管理实验班申请表.xls [2011-06-22],https://sse.ustc.edu.cn/_upload/article/files/28/41/9d34184d446383f961f0daddc224/851779d6-1c35-4fa5-acad-124acca47535.xls
3：中国科技大学本、研（硕、博）生报到入户须知（合肥双证）.doc [2011-06-22],https://sse.ustc.edu.cn/_upload/article/files/e0/7a/239f2280475581a0c5a61f770a7e/78a3b757-911d-4969-a43f-1eb0b912d921.doc
2：研究生学费缴纳说明（合肥双证）.doc [2011-06-22],https://sse.ustc.edu.cn/_upload/article/files/b4/d8/425750eb4c7aab42c3ad08cd12ef/e897bd77-4686-4196-8c27-cff4bdc5d86f.doc
1：研究生新生报到须知（合肥双证）.doc [2011-06-22],https://sse.ustc.edu.cn/_upload/article/files/5a/77/7ddfc7f9455c8c8b9686050bbc44/ca7678dc-5645-4714-be21-fefbf7a01c1f.doc
2011年在职招生-附件.doc [2011-06-07],https://sse.ustc.edu.cn/_upload/article/files/b7/aa/105053594964999328dcbd9355df/1613fce9-df40-4424-a579-eef9a6fa60a8.doc
2011中国科大硕士招生复试体检单.doc [2011-04-13],https://sse.ustc.edu.cn/_upload/article/files/24/5a/94dee7cc44f99413ce3936160ae7/49043961-247a-4be6-918c-4b918a331cc8.doc
2011中国科大硕士招生复试体检单.doc [2011-04-13],https://sse.ustc.edu.cn/_upload/article/files/ac/ec/fbe1609f42089f6720122eee6af3/977a2d62-9413-4752-9e18-8e449e350e33.doc
2011中国科大硕士招生复试体检单.doc [2011-03-29],https://sse.ustc.edu.cn/_upload/article/files/40/50/b29e4d204a87accc4ccee6c6e06d/e3ecaa66-3f00-434b-8923-b856eac2705b.doc
2011中国科大硕士招生复试体检单.doc [2011-03-24],https://sse.ustc.edu.cn/_upload/article/files/cd/50/c97277ca4a7fa9fee125b04d31e5/34705173-68b6-4c7f-9780-ce19330cb1bc.doc
关于2010级新生暑期补课的通知.doc [2010-06-22],https://sse.ustc.edu.cn/_upload/article/files/62/bf/48f457874e0a98881dc07731393d/149bc7da-d0f3-4164-9b3d-9b39651ab540.doc
中国科技大学本、研（硕、博）生报到入户须知（苏州双证）.doc [2010-06-22],https://sse.ustc.edu.cn/_upload/article/files/66/24/9f0245874b36aa2eecb255de1252/ed4823fd-e73d-4efc-81f6-2132ac0a333d.doc
中国科技大学本、研（硕、博）生报到入户须知.doc [2010-06-22],https://sse.ustc.edu.cn/_upload/article/files/fe/b7/ea809c994be6999ef2b8715f7477/af265365-57ff-42c7-ad3a-1e5e63f41a19.doc
研究生学费缴纳说明（苏州双证）.doc [2010-06-22],https://sse.ustc.edu.cn/_upload/article/files/d4/ca/c1444cf040e3aae1e17256c11f97/cbad8933-d4c0-4206-a76d-b7c3c3d18330.doc
研究生学费缴纳说明（合肥双证）.doc [2010-06-22],https://sse.ustc.edu.cn/_upload/article/files/8d/f4/7675b1464395a99260fb6dc38a3c/f46beeb3-88b8-4bf1-bd1b-62f0e92cb272.doc
10研究生新生报到须知（苏州双证）.doc [2010-06-22],https://sse.ustc.edu.cn/_upload/article/files/28/e3/6f681f0a4f4480567eb6384cf6f1/4ae526c9-2c91-4ff4-bbbe-3673bc8ca8cb.doc
10研究生新生报到须知（合肥双证）.doc [2010-06-22],https://sse.ustc.edu.cn/_upload/article/files/11/91/5728d08a4811bf1081594380ad3f/65c072e8-f567-457b-8f6f-fc759e889ff1.doc
2010年秋季上海和泉州在职班招生简章-附件.doc [2010-04-17],https://sse.ustc.edu.cn/_upload/article/files/fd/0f/5ce4b5cb4f168b5861a24a0cfdee/c624b3fa-f401-490c-9906-d3190db6427f.doc
表5_2010中国科大硕士招生复试体检单.doc [2010-03-25],https://sse.ustc.edu.cn/_upload/article/files/dd/b8/759e368a459e8ab28d0b012e753c/2239d13e-ed90-4672-b3dd-dd0c682993f8.doc
2010年春季合肥班招生_报名表.doc [2009-10-14],https://sse.ustc.edu.cn/_upload/article/files/79/aa/d1ce7d5f4cc7abbf2525ca0a9baf/e4d9fd11-9262-4acb-964b-802ad217117e.doc
09研究生新生报到须知（单证全日制）.doc [2009-07-10],https://sse.ustc.edu.cn/_upload/article/files/3c/1e/2d63e52943ffade036802b92a342/88fcdf46-715d-4561-a275-486ee5362c9c.doc
09研究生新生报到须知（单证在职）.doc [2009-07-10],https://sse.ustc.edu.cn/_upload/article/files/a3/be/a97012674af0b911418fec83da5d/75f282a7-e104-4137-8715-8d5a8f2591b9.doc
09研究生新生报到须知（合肥双证）.doc [2009-06-23],https://sse.ustc.edu.cn/_upload/article/files/ef/14/81da8f014df78a79b747f0c6a46c/076d8080-4a1d-46ce-8325-0f83da171655.doc
09研究生新生报到须知（苏州双证）.doc [2009-06-23],https://sse.ustc.edu.cn/_upload/article/files/38/ff/266f28aa4043aa684ef824c60d19/e30f077b-e6cb-4e31-b46b-d62fdd2a7f75.doc
09报到入户须知（双证）.doc [2009-06-23],https://sse.ustc.edu.cn/_upload/article/files/a5/6a/03d49101419888ee31449f875301/5266e3af-7911-4587-a6a8-a1207509fd38.doc
09接受委托培养攻读硕士学位研究生协议书.doc [2009-06-05],https://sse.ustc.edu.cn/_upload/article/files/bf/8a/9fa186454f64ae18cb0660b4e734/63ad35a9-4b77-4dbc-a300-2fc14b6017d7.doc
08报到入户须知（双证）.doc [2008-06-24],https://sse.ustc.edu.cn/_upload/article/files/e4/ba/607440344b52a39421c6d9e3b57f/98e9baa0-7fd4-4388-bc00-e29815b6a479.doc
08研究生新生报到须知（单证）.doc [2008-06-24],https://sse.ustc.edu.cn/_upload/article/files/ae/54/f6fa03474f23a4d496016f08d13c/de2d437c-222f-47b2-9dcb-4bcb81c55691.doc
08研究生新生报到须知（苏州双证）.doc [2008-06-24],https://sse.ustc.edu.cn/_upload/article/files/cd/76/baa8c5d44cbe8911c343015888ce/81440f0b-21c9-4edd-8986-9a11a39819c5.doc
08研究生新生报到须知（合肥双证）.doc [2008-06-24],https://sse.ustc.edu.cn/_upload/article/files/8b/ae/0b4958184ae587f76e7ebbc929b4/02014561-e993-413f-8781-fbaae537a80a.doc
download_2008年软件工程专业硕士（单证）自主招生报名资格审查表.doc [2008-02-25],https://sse.ustc.edu.cn/_upload/article/files/43/81/73bbd22a407281781d157e3e0764/d404098d-1dc1-430e-ba27-8f49276bd179.doc
download_2008年软件工程专业硕士（单证）调剂报名资格审查表.doc [2008-02-25],https://sse.ustc.edu.cn/_upload/article/files/88/c1/3c2b42814b6a8c39352fe314a030/65215afc-df2f-4494-b233-f6e15fe7d3c3.doc
download_2008年软件工程专业硕士（双证）调剂报名资格审查表.doc [2008-02-25],https://sse.ustc.edu.cn/_upload/article/files/05/18/014ebc054b17859c26d00e781334/ca7c098a-ad7e-4f9c-bf08-f8101e59f909.doc
08年招生简章（单证）附件二：单证调剂报名表.doc [2007-11-15],https://sse.ustc.edu.cn/_upload/article/files/95/5c/6c888c6847858f979c2862e3926d/a8e5a939-c790-4506-b60d-ffceb42bade3.doc
08年招生简章（单证）附件一：自主招生报名表.doc [2007-11-15],https://sse.ustc.edu.cn/_upload/article/files/a3/10/0669cc8b4f91b817d731f907e7b8/19e684f4-aa9a-40d1-903c-4c4f3bbdc24b.doc
2007年软件工程专业硕士（双证）调剂报名资格审查表 [2007-09-06],https://sse.ustc.edu.cn/_upload/article/files/9b/e7/397f740647dd89ca1cbdfa272568/bbb71953-55ac-4b1e-9918-8aad0c1910f5.doc
2007年软件工程专业硕士（单证）调剂报名资格审查表 [2007-09-06],https://sse.ustc.edu.cn/_upload/article/files/fa/ff/f94468024e2d8b67ffcaf468acb9/fcdf75bf-7101-41d6-b152-98ec5c4e8e00.doc
附件一-2017年软件学院第一届创新创业软件设计大赛-报名表.doc [2017-04-01],https://sse.ustc.edu.cn/_upload/article/files/39/7a/00c8c609484dad4f1a30b0f4ecf5/ddc00b5c-2297-4c1d-954b-6da444718471.doc
2017第一届创新创业软件设计大赛章程.pdf [2017-04-01],https://sse.ustc.edu.cn/_upload/article/files/c0/55/0c20f96c407783f17d8354e193a5/37cbdb3e-2205-4b0a-827c-eea94278fa49.pdf
2017计算所招聘岗位汇总-20160907.pdf [2016-09-18],https://sse.ustc.edu.cn/_upload/article/files/60/62/2ec6f97247c88266d88e0f8911af/fdb1cf0c-4a3c-4fa3-bb50-d4ec5eb78c38.pdf
远程教育培训室简介.doc [2014-12-11],https://sse.ustc.edu.cn/_upload/article/files/9d/d8/682aa812407c8f8901893bd129d8/e4100a0d-a0fc-425b-bf21-10d7090c0fed.doc
信息工程技术培训室简介.doc [2014-12-11],https://sse.ustc.edu.cn/_upload/article/files/ad/13/a58df51347569bfee9400d91065c/42eebf94-5336-4f1d-9a39-a74d7468211e.doc
高层次人才职位申请表.doc [2013-09-30],https://sse.ustc.edu.cn/_upload/article/files/e1/e4/e3ed48a34c9b808eb465019c4219/6cc5b272-4c51-4159-aed9-6dc949f0c110.doc
软件学院（苏州）毕业生离校指南（双证）.doc [2010-12-22],https://sse.ustc.edu.cn/_upload/article/files/55/25/bb0e41b24f5e9fe11e739ccf2557/57a40e64-9635-4e03-8ffd-7dee222ea96c.doc
软件学院（苏州）毕业生离校指南（单证）.doc [2010-12-17],https://sse.ustc.edu.cn/_upload/article/files/cd/fd/cc51d6264166a34eb2b8d3183194/eff41710-c26f-45fa-a25a-9ad66d2fa6f3.doc
docadd1 [2010-11-15],https://sse.ustc.edu.cn/_upload/article/files/82/6a/37ca507c442c83b991c268203ab6/e9b394d4-7678-4820-9b7c-6f63e261e105.pdf
SRCB_job_application_form.xls [2010-11-03],https://sse.ustc.edu.cn/_upload/article/files/39/4c/b4f5c41c47519c4c0746c42bf123/3818a639-ab3f-43a1-894f-80517a102289.xls
补发申请 [2010-10-22],https://sse.ustc.edu.cn/_upload/article/files/f0/30/ef20e504438d817f1783b2fda2c2/98f22a1c-8a8c-481c-b156-a2363e24f489.doc
SRCB Application Form [2008-10-23],https://sse.ustc.edu.cn/_upload/article/files/83/ff/b294f0684930a83992ace5e49574/47565137-08bb-4e90-a0dd-8bd6867695cf.xls
工程实验基础课程免修申请表.doc [2010-08-27],https://sse.ustc.edu.cn/_upload/article/files/60/f8/6cfdf9334c0290845aa1fcbcf26a/b4515900-b5bb-4b3f-8be1-e2ec5f74d8a4.doc
开题报告模板.doc [2010-08-21],https://sse.ustc.edu.cn/_upload/article/files/9f/22/6b9a16fb41688cd2bcad36b10a86/0bf8ce06-126a-4d7c-9380-36b27e048eb5.doc
硕2009《软件工程实验》项目环节开题报告格式.doc [2009-11-12],https://sse.ustc.edu.cn/_upload/article/files/ca/32/420dc3d740748efed2701201fafb/f5af980a-ebdd-4ae2-8651-f42e3c56c8cb.doc
软件学院07级实践报名表1.doc [2007-11-24],https://sse.ustc.edu.cn/_upload/article/files/a9/73/a6e5d17a471793da32093fa12091/8c5b1d79-74e3-4361-8a3a-8a1bdbc89878.doc
软件学院07级实践报名表2.doc [2007-11-24],https://sse.ustc.edu.cn/_upload/article/files/4d/b6/6a40a8734cf68453dad766e6fa17/50987fc4-7784-4f0b-b168-3a77b85ee8e2.doc
报名表.doc [2007-10-02],https://sse.ustc.edu.cn/_upload/article/files/e7/21/db739cc84603bd98dfb2e192fec5/5419edbb-108e-4f65-a608-962ec4e99dd5.doc
图片一.jpg [2018-10-18],https://sse.ustc.edu.cn/2020/0325/c19884a416880/page.htm
中国科大软件学院2018年招聘工作人员报名登记表.doc [2018-05-25],https://sse.ustc.edu.cn/_upload/article/files/ca/51/970e645c49e3ba66b89280133484/3e2bc395-ddbd-4d16-94e8-d40701e0a4ff.doc
招聘信息.doc [2018-05-25],https://sse.ustc.edu.cn/_upload/article/files/37/e6/38012ea34c469cd1554d5ca4a2c2/1b2de41e-b4d1-45c7-905a-c9f8482461fa.doc
包河区选区选民登记表.doc [2011-11-09],https://sse.ustc.edu.cn/_upload/article/files/64/41/ff96442d4145a075c084baecd779/caa4b024-0395-483d-bf4b-6eaae738a7bb.doc
Y软件学院讯飞奖教金审批表2.doc [2009-12-29],https://sse.ustc.edu.cn/_upload/article/files/5d/c5/faad7d174275b177b96dfd3a72a9/2efa7434-b2c8-4f22-9762-8e454c1aec65.doc
请假单,https://sse.ustc.edu.cnhttps://wp.ustc.edu.cn/_temp/e0f1a262-7e5f-4bc9-a207-e84a93ffd2a7.doc
银校通.pdf [2018-06-25],https://sse.ustc.edu.cn/_upload/article/files/5c/d2/d8208ceb4091b4e0624308b74f21/ba45f543-29ab-4cfa-9506-e8034c404101.pdf
软件学院第一届创新创业大赛获奖项目.doc [2017-06-01],https://sse.ustc.edu.cn/_upload/article/files/d4/7a/bbd8ad38415481348612271943d5/e23f9275-0998-471b-96b7-ef999f76a2a3.doc
2017第一届创新创业软件设计大赛章程.pdf [2017-04-01],https://sse.ustc.edu.cn/_upload/article/files/5e/f0/f486780c4e1c9618a309a02e4ed5/8453cf43-fc6f-414a-8508-234eb0b7f58e.pdf
附件一-2017年软件学院第一届创新创业软件设计大赛-报名表.doc [2017-04-01],https://sse.ustc.edu.cn/_upload/article/files/90/96/3c309ba740ef9c9d52aba942a120/8c72ce77-2ed4-4b30-b47f-4ac29ba33728.doc
附件一-2015年软件学院第十一届软件设计大赛-报名表.doc [2015-06-03],https://sse.ustc.edu.cn/_upload/article/files/a0/1a/1f493ecd4c5fb4dfa2b09a283e47/b329c849-3c48-45bb-82f6-c1c2baca844e.doc
附件二-2015年软件学院第十一届软件设计大赛-材料清单.doc [2015-06-03],https://sse.ustc.edu.cn/_upload/article/files/26/56/96deb0fc4ae2b45f217de67e3807/78295c22-91d0-4f87-b20a-e6bc045f043c.doc
附件三-2015年软件学院第十一届软件设计大赛-知识产权声明及工作量排序.doc [2015-06-03],https://sse.ustc.edu.cn/_upload/article/files/3c/b8/275647314f69a706fc2f513f272c/227892fb-ef58-4bfc-89d3-ffd827931e0c.doc
附件二-2014年软件学院第十届软件设计大赛-材料清单.doc [2014-05-04],https://sse.ustc.edu.cn/_upload/article/files/2a/69/8dd82f984f4bbf7d33b4dc2e8421/011508fb-678b-4a92-97f9-71afd62f7beb.doc
附件一-2014年软件学院第十届软件设计大赛-报名表.doc [2014-05-04],https://sse.ustc.edu.cn/_upload/article/files/b0/5c/f2deec3744d4a493d44333f8744d/0d07043c-4a9a-422e-b163-ee11a2d931cc.doc
附件三-2014年软件学院第十届软件设计大赛-知识产权声明及工作量排序.doc [2014-05-04],https://sse.ustc.edu.cn/_upload/article/files/7d/a0/8c89d6174e128d14afb676e7c1cb/33147da6-edb4-42a7-b22b-2c5f334d6b9f.doc
“第一届全国高校软件定义网络(SDN)应用创新开发大赛”报名表.doc [2013-12-05],https://sse.ustc.edu.cn/_upload/article/files/65/32/bc3e1c2d4179b0a7cb0b6e179264/3fffd621-29be-4bff-9867-0687f541a62e.doc
“第一届全国高校软件定义网络(SDN)应用创新开发大赛”赛项概要.doc [2013-12-05],https://sse.ustc.edu.cn/_upload/article/files/24/a0/a53a8eb7400aa453f1795a00f0c8/c5a772c4-31ae-436b-bd13-dea1e9a1e7d9.doc
“第一届全国高校软件定义网络(SDN)应用创新开发大赛”赛项执行委员会.doc [2013-12-05],https://sse.ustc.edu.cn/_upload/article/files/45/3a/e41f5b2c4669bf8e075aeacfbb70/5cf7c316-0331-44b1-83ea-1351c5226c10.doc
“第一届全国高校物联网应用创新大赛”报名表.doc [2013-12-05],https://sse.ustc.edu.cn/_upload/article/files/86/9e/84e21bd34708a0368ec2cccf6c05/e88b8332-5bce-44d7-9551-6f9d956be359.doc
“第一届全国高校物联网应用创新大赛”赛项执行委员会名单.doc [2013-12-05],https://sse.ustc.edu.cn/_upload/article/files/b4/69/dca2e9ac4bb99b032d42b6a0a724/177e54ce-ca5a-425c-8c43-25991dbfccc1.doc
“第一届全国高校物联网应用创新大赛”赛项概要.doc [2013-12-05],https://sse.ustc.edu.cn/_upload/article/files/c0/b4/6594c1b744fbb94ebd098c5e9401/21918bdb-a6e2-4a1f-a10f-1790aba33a9c.doc
附件二-2013年软件学院第九届软件设计大赛-材料清单.doc [2013-05-09],https://sse.ustc.edu.cn/_upload/article/files/af/47/9ad629874c93b0e098abc2991815/0121a59e-ec3f-40a9-8047-5cab25ec3f82.doc
附件三-2013年软件学院第九届软件设计大赛-知识产权声明及工作量排序.doc [2013-05-09],https://sse.ustc.edu.cn/_upload/article/files/d9/9c/5d72053849f7ba4b60d938a6ea19/f794148f-a19d-4254-b292-c60b38db4e74.doc
附件一-2013年软件学院第九届软件设计大赛-报名表.doc [2013-05-09],https://sse.ustc.edu.cn/_upload/article/files/d9/b2/38bb7bc64ac18e8e24940b39bfa8/30b4fd97-8ac7-4616-b14e-0b20bc3fa744.doc
附件三-2012年软件学院第八届软件设计大赛-知识产权声明及工作量排序.doc [2012-06-04],https://sse.ustc.edu.cn/_upload/article/files/63/f1/5254858049c38ef5348dd2d36ad9/74eaaa5e-e3bd-47fd-a8b4-bce7b5197ec6.doc
附件一-2012年软件学院第八届软件设计大赛-报名表.doc [2012-05-02],https://sse.ustc.edu.cn/_upload/article/files/dc/08/0c9fc23c4dfab2fdf90862da05bb/7cd4dc8b-3254-401d-a511-4060b94b9e38.doc
附件二-2012年软件学院第八届软件设计大赛-材料清单.doc [2012-05-02],https://sse.ustc.edu.cn/_upload/article/files/c1/0d/2467c2474ec5a6c54c55871d29fd/12bd572b-93a1-481c-800e-67cfdb50bd2b.doc
附件三-2012年软件学院第八届软件设计大赛-知识产权声明及工作量排序.doc [2012-05-02],https://sse.ustc.edu.cn/_upload/article/files/75/1f/43922ce94b74b6d753b5874a0a73/214dba49-5322-4507-9780-aa651a40a826.doc
附件 十周年院庆庆典大会相关说明.doc [2012-02-28],https://sse.ustc.edu.cn/_upload/article/files/c7/24/891995f7431cab4f6a2c12daf7f9/e07c29ff-b470-41eb-8f78-c8b9b71c19fb.doc
2011软件学院研究生会(合肥分会）招新报名表.doc [2011-08-31],https://sse.ustc.edu.cn/_upload/article/files/35/c0/8cfa423c4a259b607581cf0824cf/574830cb-fac4-4b94-97a9-32a248981eab.doc
附件-2011年软件学院第七届软件设计大赛-fj2材料清单.doc [2011-05-27],https://sse.ustc.edu.cn/_upload/article/files/c1/72/fe21c5ee4d99829def1a99183aef/9ef79ab8-92dc-4ee5-b7a9-ae48713d61e0.doc
附件-2011年软件学院第七届软件设计大赛-fj3知识产权声明及工作量排序.doc [2011-05-27],https://sse.ustc.edu.cn/_upload/article/files/1d/3b/1a17be1948cab9461a2fb2ad6b56/8ede35d2-229d-4314-9a3c-017430f78de4.doc
2011年软件学院第七届软件设计大赛-fj2材料清单.doc [2011-01-20],https://sse.ustc.edu.cn/_upload/article/files/a3/69/218070434b5ea782c927726a4340/a4259c8d-25c2-416b-9877-7df9bcd278a4.doc
2011年软件学院第七届软件设计大赛-fj3知识产权声明及工作量排序.doc [2011-01-20],https://sse.ustc.edu.cn/_upload/article/files/e2/8b/5f9a02944c81be70c498b80e323b/4ce6280b-3494-4f18-8060-c5f8ea6373f9.doc
2011年软件学院第七届软件设计大赛-fj1报名表.doc [2011-01-20],https://sse.ustc.edu.cn/_upload/article/files/ef/b0/03d4aae74c9996a8116b59426630/f7655408-d582-4960-a7fc-12d05db9b8e9.doc
北工大游戏征稿通知.pdf [2010-10-11],https://sse.ustc.edu.cn/_upload/article/files/27/45/d978e4034b7db3ab773c37c07626/5346c252-0d8b-486f-a31e-87bb4002c1a2.pdf
2010年软件学院第六届软件设计大赛章程20100602-fj0知识产权声明.doc [2010-06-03],https://sse.ustc.edu.cn/_upload/article/files/54/5f/4265b87a4c97948fbf79fd481c10/4b4a7767-b918-4cdf-a35a-fa1b71acc0a9.doc
2010年软件学院第六届软件设计大赛章程20100602-fj1报名表.doc [2010-06-03],https://sse.ustc.edu.cn/_upload/article/files/c2/0f/264f871943d8b3e4ce14492095af/84ca562a-3188-43b2-8036-421931e012c6.doc
2010年软件学院第六届软件设计大赛章程20100602-fj2参考选题.doc [2010-06-03],https://sse.ustc.edu.cn/_upload/article/files/43/7e/e687ce7849e795915e7684e80d7d/3d1ac766-c004-457e-a5c6-c7d5fee3ad48.doc
2009年软件学院第五届软件设计大赛章程20090525-fj2参考选题.doc [2009-05-26],https://sse.ustc.edu.cn/_upload/article/files/84/27/1578689945dfbd776aefa6ace274/964c2b53-292c-427e-b209-f77aab51c39e.doc
2009年软件学院第五届软件设计大赛章程20090525-fj1报名表.doc [2009-05-26],https://sse.ustc.edu.cn/_upload/article/files/20/79/eb58e5fd4dc7a0ba54a927c688dc/68d6c439-8947-4698-990e-cba0096fe2a9.doc
2009年软件学院第五届软件设计大赛章程20090525-fj0知识产权声明.doc [2009-05-26],https://sse.ustc.edu.cn/_upload/article/files/f9/c5/68d86a0a4427992c29447e6bb853/09e35fd1-7e9b-4f9c-8ebb-d75fbf8b1353.doc
二等奖_《走进科大》_徐一智.doc [2008-11-03],https://sse.ustc.edu.cn/_upload/article/files/b2/58/ae25e96740b5b5585cc156e6b6c2/67cf4e9b-2958-4d83-9b31-8c1e4e62d8fc.doc
一等奖_《科大――放飞梦想的花园》_王博.doc [2008-10-31],https://sse.ustc.edu.cn/_upload/article/files/d0/6f/d948a4734811816343749ea072c1/e5a4cbf8-23a9-475f-a31f-330d9b803f9b.doc
二等奖_《做一名合格的科大人》_余弦.doc [2008-10-31],https://sse.ustc.edu.cn/_upload/article/files/88/f9/f7fb376b4a85b1a51ec2cce9226a/687cc173-a89e-42b9-b02a-c1180ac6c1b8.doc
二等奖_《我是科大人》_钟华.doc [2008-10-31],https://sse.ustc.edu.cn/_upload/article/files/cf/0b/f147f54c4318b09c54109a930418/a849dbbc-9d66-46fe-ac12-bd96a5288e6c.doc
一等奖_《我的科大梦》_郭靖.doc [2008-10-31],https://sse.ustc.edu.cn/_upload/article/files/01/57/da8045094fdfa021a5cabd5c0c29/40803e2b-c4c1-428d-8749-179ed538656d.doc
一等奖_《踏着先辈的足迹》_李川.doc [2008-10-31],https://sse.ustc.edu.cn/_upload/article/files/4a/38/f0a7827142f290a76bcfd5258a16/9994515c-9a9e-4ef2-9416-b140e87a181d.doc
2008年软件学院第四届软件设计大赛报名表（二）.doc [2008-06-26],https://sse.ustc.edu.cn/_upload/article/files/f9/71/3b81bb7842c0afaa32e4a55f0d80/fb4135ff-144f-4a49-992f-7a3e7e071058.doc
2008年软件学院第四届软件设计大赛报名表.doc [2008-05-26],https://sse.ustc.edu.cn/_upload/article/files/a4/38/e624e98b4336ae6ab2b1e20bea94/7b53070f-9f8a-437a-96f8-9778f4c58f13.doc
Y软件学院优秀研究生奖学金审批表.doc [2008-03-27],https://sse.ustc.edu.cn/_upload/article/files/d9/8c/baa1775540069b1ce683bffc7a10/f86720bd-e2d1-4eb4-acc6-10efe233df74.doc
软件学院研究生会招新报名表.doc [2007-09-10],https://sse.ustc.edu.cn/_upload/article/files/8e/68/792f57c64803b264db2770a34daf/4cc9626d-249c-4d9a-9198-a69a5c0f5f90.doc
